ds,trend,yhat_lower,yhat_upper,trend_lower,trend_upper,additive_terms,additive_terms_lower,additive_terms_upper,weekly,weekly_lower,weekly_upper,yearly,yearly_lower,yearly_upper,multiplicative_terms,multiplicative_terms_lower,multiplicative_terms_upper,yhat
03-01-2014,1440.897851,-1164.799311,4359.081812,1440.897851,1440.897851,96.88410027,96.88410027,96.88410027,419.7405272,419.7405272,419.7405272,-322.8564269,-322.8564269,-322.8564269,0,0,0,1537.781951
04-01-2014,1441.039716,-1682.403043,3798.27536,1441.039716,1441.039716,-397.8355718,-397.8355718,-397.8355718,21.96802764,21.96802764,21.96802764,-419.8035994,-419.8035994,-419.8035994,0,0,0,1043.204144
05-01-2014,1441.181581,-1889.268676,3764.147143,1441.181581,1441.181581,-306.4408398,-306.4408398,-306.4408398,203.7542451,203.7542451,203.7542451,-510.195085,-510.195085,-510.195085,0,0,0,1134.740741
06-01-2014,1441.323447,-1490.634151,4283.442456,1441.323447,1441.323447,-181.2719664,-181.2719664,-181.2719664,411.5590087,411.5590087,411.5590087,-592.8309752,-592.8309752,-592.8309752,0,0,0,1260.05148
07-01-2014,1441.465312,-2140.964556,3259.422907,1441.465312,1441.465312,-837.9493062,-837.9493062,-837.9493062,-171.2908683,-171.2908683,-171.2908683,-666.6584379,-666.6584379,-666.6584379,0,0,0,603.5160058
09-01-2014,1441.749043,-1723.407115,3647.450643,1441.749043,1441.749043,-628.8203829,-628.8203829,-628.8203829,155.7413792,155.7413792,155.7413792,-784.5617621,-784.5617621,-784.5617621,0,0,0,812.9286598
10-01-2014,1441.890908,-1756.639418,3698.593226,1441.890908,1441.890908,-407.7377655,-407.7377655,-407.7377655,419.7405272,419.7405272,419.7405272,-827.4782926,-827.4782926,-827.4782926,0,0,0,1034.153143
11-01-2014,1442.032773,-2082.7336,3508.08444,1442.032773,1442.032773,-837.3301417,-837.3301417,-837.3301417,21.96802764,21.96802764,21.96802764,-859.2981694,-859.2981694,-859.2981694,0,0,0,604.7026318
13-01-2014,1442.316504,-1844.768228,3680.443222,1442.316504,1442.316504,-478.2597132,-478.2597132,-478.2597132,411.5590087,411.5590087,411.5590087,-889.8187219,-889.8187219,-889.8187219,0,0,0,964.056791
14-01-2014,1442.45837,-2462.419818,3122.003948,1442.45837,1442.45837,-1060.479883,-1060.479883,-1060.479883,-171.2908683,-171.2908683,-171.2908683,-889.1890146,-889.1890146,-889.1890146,0,0,0,381.9784868
15-01-2014,1442.600235,-3275.29035,2209.600153,1442.600235,1442.600235,-1920.262336,-1920.262336,-1920.262336,-1041.47232,-1041.47232,-1041.47232,-878.7900164,-878.7900164,-878.7900164,0,0,0,-477.662101
16-01-2014,1442.7421,-1917.284225,3484.898146,1442.7421,1442.7421,-703.7631925,-703.7631925,-703.7631925,155.7413792,155.7413792,155.7413792,-859.5045717,-859.5045717,-859.5045717,0,0,0,738.9789079
18-01-2014,1443.025831,-2246.216498,3198.632851,1443.025831,1443.025831,-776.7633878,-776.7633878,-776.7633878,21.96802764,21.96802764,21.96802764,-798.7314154,-798.7314154,-798.7314154,0,0,0,666.2624433
19-01-2014,1443.167696,-1955.158013,3450.35059,1443.167696,1443.167696,-556.1051819,-556.1051819,-556.1051819,203.7542451,203.7542451,203.7542451,-759.859427,-759.859427,-759.859427,0,0,0,887.0625146
20-01-2014,1443.309562,-1427.323735,3877.413065,1443.309562,1443.309562,-305.7138869,-305.7138869,-305.7138869,411.5590087,411.5590087,411.5590087,-717.2728957,-717.2728957,-717.2728957,0,0,0,1137.595675
21-01-2014,1443.451427,-2259.195389,3314.292879,1443.451427,1443.451427,-843.8182874,-843.8182874,-843.8182874,-171.2908683,-171.2908683,-171.2908683,-672.5274191,-672.5274191,-672.5274191,0,0,0,599.6331398
23-01-2014,1443.735158,-1608.342505,3814.697418,1443.735158,1443.735158,-427.1819534,-427.1819534,-427.1819534,155.7413792,155.7413792,155.7413792,-582.9233326,-582.9233326,-582.9233326,0,0,0,1016.553205
26-01-2014,1444.160754,-1515.130692,3877.779142,1444.160754,1444.160754,-267.507506,-267.507506,-267.507506,203.7542451,203.7542451,203.7542451,-471.2617511,-471.2617511,-471.2617511,0,0,0,1176.653248
27-01-2014,1444.302619,-1321.00787,4331.203367,1444.302619,1444.302619,-34.05448319,-34.05448319,-34.05448319,411.5590087,411.5590087,411.5590087,-445.6134919,-445.6134919,-445.6134919,0,0,0,1410.248136
28-01-2014,1444.444485,-1774.593939,3579.177054,1444.444485,1444.444485,-598.9149668,-598.9149668,-598.9149668,-171.2908683,-171.2908683,-171.2908683,-427.6240985,-427.6240985,-427.6240985,0,0,0,845.5295181
30-01-2014,1444.728216,-1810.462754,3661.193499,1444.728216,1444.728216,-262.0029198,-262.0029198,-262.0029198,155.7413792,155.7413792,155.7413792,-417.744299,-417.744299,-417.744299,0,0,0,1182.725296
31-01-2014,1444.870081,-1202.646763,4147.171986,1444.870081,1444.870081,-7.098971113,-7.098971113,-7.098971113,419.7405272,419.7405272,419.7405272,-426.8394983,-426.8394983,-426.8394983,0,0,0,1437.77111
01-02-2014,1445.011946,-1818.81998,3714.206761,1445.011946,1445.011946,-423.5695623,-423.5695623,-423.5695623,21.96802764,21.96802764,21.96802764,-445.5375899,-445.5375899,-445.5375899,0,0,0,1021.442384
02-02-2014,1445.153812,-1654.403737,3853.247282,1445.153812,1445.153812,-269.9504476,-269.9504476,-269.9504476,203.7542451,203.7542451,203.7542451,-473.7046927,-473.7046927,-473.7046927,0,0,0,1175.203364
03-02-2014,1445.295677,-1339.198457,4230.377904,1445.295677,1445.295677,-99.39324832,-99.39324832,-99.39324832,411.5590087,411.5590087,411.5590087,-510.9522571,-510.9522571,-510.9522571,0,0,0,1345.902429
04-02-2014,1445.437542,-2031.490944,3319.146639,1445.437542,1445.437542,-727.9350922,-727.9350922,-727.9350922,-171.2908683,-171.2908683,-171.2908683,-556.6442239,-556.6442239,-556.6442239,0,0,0,717.5024503
06-02-2014,1445.721273,-1630.883539,3771.243204,1445.721273,1445.721273,-513.9222202,-513.9222202,-513.9222202,155.7413792,155.7413792,155.7413792,-669.6635994,-669.6635994,-669.6635994,0,0,0,931.799053
07-02-2014,1445.863139,-1859.63482,3696.738923,1445.863139,1445.863139,-314.8861122,-314.8861122,-314.8861122,419.7405272,419.7405272,419.7405272,-734.6266394,-734.6266394,-734.6266394,0,0,0,1130.977026
08-02-2014,1446.005004,-2223.53888,3120.147284,1446.005004,1446.005004,-781.3897748,-781.3897748,-781.3897748,21.96802764,21.96802764,21.96802764,-803.3578024,-803.3578024,-803.3578024,0,0,0,664.6152291
11-02-2014,1446.4306,-2555.223128,2816.44356,1446.4306,1446.4306,-1187.293066,-1187.293066,-1187.293066,-171.2908683,-171.2908683,-171.2908683,-1016.002198,-1016.002198,-1016.002198,0,0,0,259.1375337
12-02-2014,1446.572465,-3444.929434,2109.308022,1446.572465,1446.572465,-2124.800061,-2124.800061,-2124.800061,-1041.47232,-1041.47232,-1041.47232,-1083.327741,-1083.327741,-1083.327741,0,0,0,-678.2275955
14-02-2014,1446.856196,-2061.965233,3328.427969,1446.856196,1446.856196,-782.6246168,-782.6246168,-782.6246168,419.7405272,419.7405272,419.7405272,-1202.365144,-1202.365144,-1202.365144,0,0,0,664.2315793
15-02-2014,1446.998062,-2495.702587,3192.112331,1446.998062,1446.998062,-1228.902195,-1228.902195,-1228.902195,21.96802764,21.96802764,21.96802764,-1250.870223,-1250.870223,-1250.870223,0,0,0,218.0958664
16-02-2014,1447.139927,-2591.011635,3049.435353,1447.139927,1447.139927,-1086.346782,-1086.346782,-1086.346782,203.7542451,203.7542451,203.7542451,-1290.101027,-1290.101027,-1290.101027,0,0,0,360.7931453
17-02-2014,1447.281792,-2085.888105,3224.063717,1447.281792,1447.281792,-907.2555781,-907.2555781,-907.2555781,411.5590087,411.5590087,411.5590087,-1318.814587,-1318.814587,-1318.814587,0,0,0,540.0262142
18-02-2014,1447.423658,-2641.836807,2642.434679,1447.423658,1447.423658,-1507.259573,-1507.259573,-1507.259573,-171.2908683,-171.2908683,-171.2908683,-1335.968705,-1335.968705,-1335.968705,0,0,0,-59.8359152
20-02-2014,1447.707388,-2324.809425,3252.178094,1447.707388,1447.707388,-1176.836023,-1176.836023,-1176.836023,155.7413792,155.7413792,155.7413792,-1332.577402,-1332.577402,-1332.577402,0,0,0,270.8713652
21-02-2014,1447.849254,-2126.177267,3170.254362,1447.849254,1447.849254,-891.4080457,-891.4080457,-891.4080457,419.7405272,419.7405272,419.7405272,-1311.148573,-1311.148573,-1311.148573,0,0,0,556.441208
22-02-2014,1447.991119,-2424.778798,3146.907912,1447.991119,1447.991119,-1254.447674,-1254.447674,-1254.447674,21.96802764,21.96802764,21.96802764,-1276.415702,-1276.415702,-1276.415702,0,0,0,193.543445
23-02-2014,1448.132984,-2224.044187,3222.183832,1448.132984,1448.132984,-1024.849498,-1024.849498,-1024.849498,203.7542451,203.7542451,203.7542451,-1228.603743,-1228.603743,-1228.603743,0,0,0,423.2834866
24-02-2014,1448.27485,-2002.650411,3416.589163,1448.27485,1448.27485,-756.6441066,-756.6441066,-756.6441066,411.5590087,411.5590087,411.5590087,-1168.203115,-1168.203115,-1168.203115,0,0,0,691.6307433
27-02-2014,1448.700446,-2259.902066,3295.971117,1448.700446,1448.700446,-764.3627766,-764.3627766,-764.3627766,155.7413792,155.7413792,155.7413792,-920.1041558,-920.1041558,-920.1041558,0,0,0,684.3376696
01-03-2014,1448.984177,-1768.790831,3546.126325,1448.984177,1448.984177,-689.4136985,-689.4136985,-689.4136985,21.96802764,21.96802764,21.96802764,-711.3817262,-711.3817262,-711.3817262,0,0,0,759.5704786
02-03-2014,1449.126043,-1806.760324,3783.619028,1449.126043,1449.126043,-394.9055167,-394.9055167,-394.9055167,203.7542451,203.7542451,203.7542451,-598.6597618,-598.6597618,-598.6597618,0,0,0,1054.220526
03-03-2014,1449.267908,-1487.051446,4295.360354,1449.267908,1449.267908,-71.14716881,-71.14716881,-71.14716881,411.5590087,411.5590087,411.5590087,-482.7061776,-482.7061776,-482.7061776,0,0,0,1378.120739
04-03-2014,1449.409773,-1774.095448,3700.785253,1449.409773,1449.409773,-536.6460695,-536.6460695,-536.6460695,-171.2908683,-171.2908683,-171.2908683,-365.3552013,-365.3552013,-365.3552013,0,0,0,912.7637039
05-03-2014,1449.551639,-2749.557112,2914.747029,1449.551639,1449.551639,-1289.928955,-1289.928955,-1289.928955,-1041.47232,-1041.47232,-1041.47232,-248.4566351,-248.4566351,-248.4566351,0,0,0,159.6226842
07-03-2014,1449.83537,-819.0050691,4661.724053,1449.83537,1449.83537,396.4787304,396.4787304,396.4787304,419.7405272,419.7405272,419.7405272,-23.26179673,-23.26179673,-23.26179673,0,0,0,1846.3141
10-03-2014,1450.260966,-558.2251347,4971.513015,1450.260966,1450.260966,679.7569187,679.7569187,679.7569187,411.5590087,411.5590087,411.5590087,268.19791,268.19791,268.19791,0,0,0,2130.017885
11-03-2014,1450.402832,-1122.323629,4346.673118,1450.402832,1450.402832,176.0737603,176.0737603,176.0737603,-171.2908683,-171.2908683,-171.2908683,347.3646285,347.3646285,347.3646285,0,0,0,1626.476592
14-03-2014,1450.828428,-408.2194678,5029.650286,1450.828428,1450.828428,936.999859,936.999859,936.999859,419.7405272,419.7405272,419.7405272,517.2593319,517.2593319,517.2593319,0,0,0,2387.828287
15-03-2014,1450.970293,-718.8562983,4656.360102,1450.970293,1450.970293,571.5836643,571.5836643,571.5836643,21.96802764,21.96802764,21.96802764,549.6156366,549.6156366,549.6156366,0,0,0,2022.553958
16-03-2014,1451.112159,-374.4812042,4874.757738,1451.112159,1451.112159,773.3169085,773.3169085,773.3169085,203.7542451,203.7542451,203.7542451,569.5626633,569.5626633,569.5626633,0,0,0,2224.429067
17-03-2014,1451.254024,-130.2369344,5301.444369,1451.254024,1451.254024,988.8514741,988.8514741,988.8514741,411.5590087,411.5590087,411.5590087,577.2924654,577.2924654,577.2924654,0,0,0,2440.105498
18-03-2014,1451.39589,-1091.506605,4489.450618,1451.39589,1451.39589,401.9303092,401.9303092,401.9303092,-171.2908683,-171.2908683,-171.2908683,573.2211775,573.2211775,573.2211775,0,0,0,1853.326199
19-03-2014,1451.537755,-1695.08954,3771.306379,1451.537755,1451.537755,-483.4989087,-483.4989087,-483.4989087,-1041.47232,-1041.47232,-1041.47232,557.9734109,557.9734109,557.9734109,0,0,0,968.0388465
21-03-2014,1451.821486,-483.9302706,4966.880318,1451.821486,1451.821486,917.1060998,917.1060998,917.1060998,419.7405272,419.7405272,419.7405272,497.3655726,497.3655726,497.3655726,0,0,0,2368.927586
22-03-2014,1451.963352,-977.9444927,4575.255496,1451.963352,1451.963352,476.0669224,476.0669224,476.0669224,21.96802764,21.96802764,21.96802764,454.0988947,454.0988947,454.0988947,0,0,0,1928.030274
23-03-2014,1452.105217,-707.4781054,4681.077316,1452.105217,1452.105217,607.5404626,607.5404626,607.5404626,203.7542451,203.7542451,203.7542451,403.7862174,403.7862174,403.7862174,0,0,0,2059.64568
24-03-2014,1452.247082,-519.7100735,5008.810906,1452.247082,1452.247082,759.2878958,759.2878958,759.2878958,411.5590087,411.5590087,411.5590087,347.7288871,347.7288871,347.7288871,0,0,0,2211.534978
25-03-2014,1452.388948,-1107.76114,4501.648416,1452.388948,1452.388948,115.9828475,115.9828475,115.9828475,-171.2908683,-171.2908683,-171.2908683,287.2737158,287.2737158,287.2737158,0,0,0,1568.371795
26-03-2014,1452.530813,-2025.767226,3399.721442,1452.530813,1452.530813,-817.6913072,-817.6913072,-817.6913072,-1041.47232,-1041.47232,-1041.47232,223.7810124,223.7810124,223.7810124,0,0,0,634.8395061
28-03-2014,1452.814544,-876.8559537,4857.152424,1452.814544,1452.814544,512.7462072,512.7462072,512.7462072,419.7405272,419.7405272,419.7405272,93.00568006,93.00568006,93.00568006,0,0,0,1965.560751
29-03-2014,1452.95641,-1288.236901,4066.231539,1452.95641,1452.95641,50.20594414,50.20594414,50.20594414,21.96802764,21.96802764,21.96802764,28.2379165,28.2379165,28.2379165,0,0,0,1503.162354
30-03-2014,1453.098275,-914.4873364,4273.526657,1453.098275,1453.098275,169.1641543,169.1641543,169.1641543,203.7542451,203.7542451,203.7542451,-34.59009087,-34.59009087,-34.59009087,0,0,0,1622.262429
31-03-2014,1453.240141,-811.4070265,4767.860542,1453.240141,1453.240141,317.0790678,317.0790678,317.0790678,411.5590087,411.5590087,411.5590087,-94.47994099,-94.47994099,-94.47994099,0,0,0,1770.319208
01-04-2014,1453.382006,-1686.542995,3866.724506,1453.382006,1453.382006,-321.8632716,-321.8632716,-321.8632716,-171.2908683,-171.2908683,-171.2908683,-150.5724034,-150.5724034,-150.5724034,0,0,0,1131.518734
02-04-2014,1453.523871,-2416.63343,2878.795716,1453.523871,1453.523871,-1243.633315,-1243.633315,-1243.633315,-1041.47232,-1041.47232,-1041.47232,-202.1609957,-202.1609957,-202.1609957,0,0,0,209.8905562
03-04-2014,1453.665737,-1350.027513,4134.664977,1453.665737,1453.665737,-92.95983292,-92.95983292,-92.95983292,155.7413792,155.7413792,155.7413792,-248.7012121,-248.7012121,-248.7012121,0,0,0,1360.705904
04-04-2014,1453.807602,-1287.282694,4222.559772,1453.807602,1453.807602,129.9252341,129.9252341,129.9252341,419.7405272,419.7405272,419.7405272,-289.8152931,-289.8152931,-289.8152931,0,0,0,1583.732836
05-04-2014,1453.949468,-1502.293891,3702.8291,1453.949468,1453.949468,-303.3245195,-303.3245195,-303.3245195,21.96802764,21.96802764,21.96802764,-325.2925471,-325.2925471,-325.2925471,0,0,0,1150.624948
06-04-2014,1454.091333,-1238.410078,4017.212943,1454.091333,1454.091333,-151.3311031,-151.3311031,-151.3311031,203.7542451,203.7542451,203.7542451,-355.0853482,-355.0853482,-355.0853482,0,0,0,1302.76023
07-04-2014,1454.233199,-1399.87408,4244.242548,1454.233199,1454.233199,32.25796414,32.25796414,32.25796414,411.5590087,411.5590087,411.5590087,-379.3010446,-379.3010446,-379.3010446,0,0,0,1486.491163
08-04-2014,1454.375064,-1771.018906,3680.481037,1454.375064,1454.375064,-569.4809817,-569.4809817,-569.4809817,-171.2908683,-171.2908683,-171.2908683,-398.1901134,-398.1901134,-398.1901134,0,0,0,884.8940825
11-04-2014,1454.800661,-1202.615373,4068.352883,1454.800661,1454.800661,-7.470911881,-7.470911881,-7.470911881,419.7405272,419.7405272,419.7405272,-427.211439,-427.211439,-427.211439,0,0,0,1447.329749
12-04-2014,1454.942526,-1649.339606,3637.880845,1454.942526,1454.942526,-407.6069953,-407.6069953,-407.6069953,21.96802764,21.96802764,21.96802764,-429.5750229,-429.5750229,-429.5750229,0,0,0,1047.335531
13-04-2014,1455.084391,-1594.145929,3889.316755,1455.084391,1455.084391,-225.6393785,-225.6393785,-225.6393785,203.7542451,203.7542451,203.7542451,-429.3936236,-429.3936236,-429.3936236,0,0,0,1229.445013
15-04-2014,1455.368122,-1760.886594,3382.945069,1455.368122,1455.368122,-595.5352267,-595.5352267,-595.5352267,-171.2908683,-171.2908683,-171.2908683,-424.2443584,-424.2443584,-424.2443584,0,0,0,859.8328956
16-04-2014,1455.509988,-2811.004003,2668.753028,1455.509988,1455.509988,-1462.147688,-1462.147688,-1462.147688,-1041.47232,-1041.47232,-1041.47232,-420.6753685,-420.6753685,-420.6753685,0,0,0,-6.637700348
18-04-2014,1455.793719,-1322.020594,4169.222665,1455.793719,1455.793719,4.991351593,4.991351593,4.991351593,419.7405272,419.7405272,419.7405272,-414.7491756,-414.7491756,-414.7491756,0,0,0,1460.78507
19-04-2014,1455.935585,-1488.747072,3854.283771,1455.935585,1455.935585,-391.5080547,-391.5080547,-391.5080547,21.96802764,21.96802764,21.96802764,-413.4760824,-413.4760824,-413.4760824,0,0,0,1064.42753
20-04-2014,1456.077451,-1391.333841,3964.126465,1456.077451,1456.077451,-210.1540379,-210.1540379,-210.1540379,203.7542451,203.7542451,203.7542451,-413.908283,-413.908283,-413.908283,0,0,0,1245.923413
21-04-2014,1456.219317,-1537.633596,4239.555645,1456.219317,1456.219317,-4.795989334,-4.795989334,-4.795989334,411.5590087,411.5590087,411.5590087,-416.3549981,-416.3549981,-416.3549981,0,0,0,1451.423328
22-04-2014,1456.361183,-1804.944979,3514.016074,1456.361183,1456.361183,-592.3077933,-592.3077933,-592.3077933,-171.2908683,-171.2908683,-171.2908683,-421.016925,-421.016925,-421.016925,0,0,0,864.0533898
23-04-2014,1456.503049,-2798.471844,2679.337132,1456.503049,1456.503049,-1469.455292,-1469.455292,-1469.455292,-1041.47232,-1041.47232,-1041.47232,-427.9829719,-427.9829719,-427.9829719,0,0,0,-12.95224235
25-04-2014,1456.786781,-1414.954293,4214.967274,1456.786781,1456.786781,-28.888034,-28.888034,-28.888034,419.7405272,419.7405272,419.7405272,-448.6285612,-448.6285612,-448.6285612,0,0,0,1427.898747
26-04-2014,1456.928647,-1508.027567,3717.178406,1456.928647,1456.928647,-439.977182,-439.977182,-439.977182,21.96802764,21.96802764,21.96802764,-461.9452096,-461.9452096,-461.9452096,0,0,0,1016.951466
28-04-2014,1457.21238,-1275.311963,3999.937591,1457.21238,1457.21238,-81.40001233,-81.40001233,-81.40001233,411.5590087,411.5590087,411.5590087,-492.9590211,-492.9590211,-492.9590211,0,0,0,1375.812367
29-04-2014,1457.354246,-2032.562761,3622.491947,1457.354246,1457.354246,-681.0749034,-681.0749034,-681.0749034,-171.2908683,-171.2908683,-171.2908683,-509.7840351,-509.7840351,-509.7840351,0,0,0,776.2793425
30-04-2014,1457.496112,-2998.935931,2659.418659,1457.496112,1457.496112,-1568.285935,-1568.285935,-1568.285935,-1041.47232,-1041.47232,-1041.47232,-526.8136152,-526.8136152,-526.8136152,0,0,0,-110.7898229
02-05-2014,1457.779844,-1325.03656,4091.225006,1457.779844,1457.779844,-139.5319348,-139.5319348,-139.5319348,419.7405272,419.7405272,419.7405272,-559.272462,-559.272462,-559.272462,0,0,0,1318.247909
03-05-2014,1457.92171,-1616.992814,3875.370588,1457.92171,1457.92171,-551.6093744,-551.6093744,-551.6093744,21.96802764,21.96802764,21.96802764,-573.577402,-573.577402,-573.577402,0,0,0,906.3123358
04-05-2014,1458.063576,-1777.130115,3796.171252,1458.063576,1458.063576,-382.1197064,-382.1197064,-382.1197064,203.7542451,203.7542451,203.7542451,-585.8739515,-585.8739515,-585.8739515,0,0,0,1075.94387
05-05-2014,1458.205442,-1471.582019,4159.84497,1458.205442,1458.205442,-184.1027848,-184.1027848,-184.1027848,411.5590087,411.5590087,411.5590087,-595.6617936,-595.6617936,-595.6617936,0,0,0,1274.102658
06-05-2014,1458.347309,-1996.924059,3568.225426,1458.347309,1458.347309,-773.78528,-773.78528,-773.78528,-171.2908683,-171.2908683,-171.2908683,-602.4944118,-602.4944118,-602.4944118,0,0,0,684.5620285
07-05-2014,1458.489175,-2861.214231,2589.645364,1458.489175,1458.489175,-1647.465111,-1647.465111,-1647.465111,-1041.47232,-1041.47232,-1041.47232,-605.9927916,-605.9927916,-605.9927916,0,0,0,-188.9759366
08-05-2014,1458.631041,-1684.154807,3716.533255,1458.631041,1458.631041,-450.1156304,-450.1156304,-450.1156304,155.7413792,155.7413792,155.7413792,-605.8570096,-605.8570096,-605.8570096,0,0,0,1008.51541
09-05-2014,1458.772907,-1356.349078,3798.238566,1458.772907,1458.772907,-182.1348887,-182.1348887,-182.1348887,419.7405272,419.7405272,419.7405272,-601.8754158,-601.8754158,-601.8754158,0,0,0,1276.638018
10-05-2014,1458.914773,-1797.942025,3877.897964,1458.914773,1458.914773,-571.9631647,-571.9631647,-571.9631647,21.96802764,21.96802764,21.96802764,-593.9311924,-593.9311924,-593.9311924,0,0,0,886.9516082
11-05-2014,1459.056639,-1561.025474,4006.407906,1459.056639,1459.056639,-378.251901,-378.251901,-378.251901,203.7542451,203.7542451,203.7542451,-582.0061461,-582.0061461,-582.0061461,0,0,0,1080.804738
12-05-2014,1459.198505,-1497.528015,4082.272268,1459.198505,1459.198505,-154.6226669,-154.6226669,-154.6226669,411.5590087,411.5590087,411.5590087,-566.1816757,-566.1816757,-566.1816757,0,0,0,1304.575838
13-05-2014,1459.340371,-1821.053769,3396.138743,1459.340371,1459.340371,-717.927802,-717.927802,-717.927802,-171.2908683,-171.2908683,-171.2908683,-546.6369337,-546.6369337,-546.6369337,0,0,0,741.4125693
14-05-2014,1459.482237,-2573.065637,2804.444038,1459.482237,1459.482237,-1565.116603,-1565.116603,-1565.116603,-1041.47232,-1041.47232,-1041.47232,-523.644283,-523.644283,-523.644283,0,0,0,-105.6343652
16-05-2014,1459.76597,-1346.934126,3969.588241,1459.76597,1459.76597,-49.08548542,-49.08548542,-49.08548542,419.7405272,419.7405272,419.7405272,-468.8260126,-468.8260126,-468.8260126,0,0,0,1410.680484
17-05-2014,1459.907836,-1552.721161,3718.831494,1459.907836,1459.907836,-415.968306,-415.968306,-415.968306,21.96802764,21.96802764,21.96802764,-437.9363336,-437.9363336,-437.9363336,0,0,0,1043.93953
18-05-2014,1460.049702,-1631.026214,3949.821236,1460.049702,1460.049702,-201.6920292,-201.6920292,-201.6920292,203.7542451,203.7542451,203.7542451,-405.4462743,-405.4462743,-405.4462743,0,0,0,1258.357673
19-05-2014,1460.191568,-1256.126863,4307.977611,1460.191568,1460.191568,39.61191499,39.61191499,39.61191499,411.5590087,411.5590087,411.5590087,-371.9470938,-371.9470938,-371.9470938,0,0,0,1499.803483
20-05-2014,1460.333434,-1753.045554,3571.334218,1460.333434,1460.333434,-509.3440102,-509.3440102,-509.3440102,-171.2908683,-171.2908683,-171.2908683,-338.053142,-338.053142,-338.053142,0,0,0,950.9894238
21-05-2014,1460.4753,-2609.437243,2783.598765,1460.4753,1460.4753,-1345.858701,-1345.858701,-1345.858701,-1041.47232,-1041.47232,-1041.47232,-304.3863813,-304.3863813,-304.3863813,0,0,0,114.6165992
22-05-2014,1460.617166,-1453.844966,4220.106031,1460.617166,1460.617166,-115.8195626,-115.8195626,-115.8195626,155.7413792,155.7413792,155.7413792,-271.5609418,-271.5609418,-271.5609418,0,0,0,1344.797604
23-05-2014,1460.759032,-1136.978733,4372.229125,1460.759032,1460.759032,179.5723925,179.5723925,179.5723925,419.7405272,419.7405272,419.7405272,-240.1681347,-240.1681347,-240.1681347,0,0,0,1640.331425
24-05-2014,1460.900898,-1439.920278,4108.863792,1460.900898,1460.900898,-188.7942984,-188.7942984,-188.7942984,21.96802764,21.96802764,21.96802764,-210.762326,-210.762326,-210.762326,0,0,0,1272.1066
25-05-2014,1461.042765,-1322.037319,4231.98849,1461.042765,1461.042765,19.90620414,19.90620414,19.90620414,203.7542451,203.7542451,203.7542451,-183.848041,-183.848041,-183.848041,0,0,0,1480.948969
26-05-2014,1461.184631,-1112.297167,4532.698915,1461.184631,1461.184631,251.6903834,251.6903834,251.6903834,411.5590087,411.5590087,411.5590087,-159.8686254,-159.8686254,-159.8686254,0,0,0,1712.875014
27-05-2014,1461.326497,-1738.488491,3800.107565,1461.326497,1461.326497,-310.4876088,-310.4876088,-310.4876088,-171.2908683,-171.2908683,-171.2908683,-139.1967406,-139.1967406,-139.1967406,0,0,0,1150.838888
28-05-2014,1461.468363,-2438.415407,3007.533333,1461.468363,1461.468363,-1163.59923,-1163.59923,-1163.59923,-1041.47232,-1041.47232,-1041.47232,-122.1269109,-122.1269109,-122.1269109,0,0,0,297.8691324
30-05-2014,1461.752095,-992.0442794,4332.732162,1461.752095,1461.752095,320.1888655,320.1888655,320.1888655,419.7405272,419.7405272,419.7405272,-99.55166165,-99.55166165,-99.55166165,0,0,0,1781.940961
31-05-2014,1461.893961,-1463.363418,4166.982905,1461.893961,1461.893961,-72.24089527,-72.24089527,-72.24089527,21.96802764,21.96802764,21.96802764,-94.20892291,-94.20892291,-94.20892291,0,0,0,1389.653066
01-06-2014,1462.035827,-1036.434605,4214.159375,1462.035827,1462.035827,110.9596118,110.9596118,110.9596118,203.7542451,203.7542451,203.7542451,-92.79463337,-92.79463337,-92.79463337,0,0,0,1572.995439
02-06-2014,1462.177693,-970.5720448,4675.977562,1462.177693,1462.177693,316.3791096,316.3791096,316.3791096,411.5590087,411.5590087,411.5590087,-95.17989916,-95.17989916,-95.17989916,0,0,0,1778.556803
03-06-2014,1462.319561,-1650.165215,3911.074226,1462.319561,1462.319561,-272.4510709,-272.4510709,-272.4510709,-171.2908683,-171.2908683,-171.2908683,-101.1602026,-101.1602026,-101.1602026,0,0,0,1189.868491
04-06-2014,1462.46143,-2435.572939,2909.072178,1462.46143,1462.46143,-1151.935355,-1151.935355,-1151.935355,-1041.47232,-1041.47232,-1041.47232,-110.4630358,-110.4630358,-110.4630358,0,0,0,310.5260742
06-06-2014,1462.745166,-954.7185718,4451.331371,1462.745166,1462.745166,282.0779978,282.0779978,282.0779978,419.7405272,419.7405272,419.7405272,-137.6625294,-137.6625294,-137.6625294,0,0,0,1744.823164
07-06-2014,1462.887034,-1618.078218,4167.822003,1462.887034,1462.887034,-132.7945142,-132.7945142,-132.7945142,21.96802764,21.96802764,21.96802764,-154.7625418,-154.7625418,-154.7625418,0,0,0,1330.09252
08-06-2014,1463.028902,-1302.134407,4228.383155,1463.028902,1463.028902,30.13928395,30.13928395,30.13928395,203.7542451,203.7542451,203.7542451,-173.6149612,-173.6149612,-173.6149612,0,0,0,1493.168186
09-06-2014,1463.17077,-938.6066595,4514.832984,1463.17077,1463.17077,217.7945341,217.7945341,217.7945341,411.5590087,411.5590087,411.5590087,-193.7644746,-193.7644746,-193.7644746,0,0,0,1680.965304
10-06-2014,1463.312638,-1524.179593,3770.615986,1463.312638,1463.312638,-386.0454209,-386.0454209,-386.0454209,-171.2908683,-171.2908683,-171.2908683,-214.7545526,-214.7545526,-214.7545526,0,0,0,1077.267217
13-06-2014,1463.738243,-1377.853206,4204.932781,1463.738243,1463.738243,141.3202084,141.3202084,141.3202084,419.7405272,419.7405272,419.7405272,-278.4203187,-278.4203187,-278.4203187,0,0,0,1605.058451
14-06-2014,1463.880111,-1413.687911,3750.616204,1463.880111,1463.880111,-276.5991942,-276.5991942,-276.5991942,21.96802764,21.96802764,21.96802764,-298.5672219,-298.5672219,-298.5672219,0,0,0,1187.280917
15-06-2014,1464.021979,-1361.259146,3764.82763,1464.021979,1464.021979,-113.8693294,-113.8693294,-113.8693294,203.7542451,203.7542451,203.7542451,-317.6235746,-317.6235746,-317.6235746,0,0,0,1350.152649
16-06-2014,1464.163847,-1112.253037,4360.996909,1464.163847,1464.163847,76.22788007,76.22788007,76.22788007,411.5590087,411.5590087,411.5590087,-335.3311287,-335.3311287,-335.3311287,0,0,0,1540.391727
17-06-2014,1464.305715,-2024.225648,3788.549642,1464.305715,1464.305715,-522.777361,-522.777361,-522.777361,-171.2908683,-171.2908683,-171.2908683,-351.4864927,-351.4864927,-351.4864927,0,0,0,941.5283541
18-06-2014,1464.447583,-2681.318298,2868.283227,1464.447583,1464.447583,-1407.415282,-1407.415282,-1407.415282,-1041.47232,-1041.47232,-1041.47232,-365.9429623,-365.9429623,-365.9429623,0,0,0,57.03230127
20-06-2014,1464.731319,-1276.478732,4085.816107,1464.731319,1464.731319,30.28577818,30.28577818,30.28577818,419.7405272,419.7405272,419.7405272,-389.454749,-389.454749,-389.454749,0,0,0,1495.017098
21-06-2014,1464.873188,-1776.272207,3715.618145,1464.873188,1464.873188,-376.5247175,-376.5247175,-376.5247175,21.96802764,21.96802764,21.96802764,-398.4927451,-398.4927451,-398.4927451,0,0,0,1088.34847
22-06-2014,1465.015056,-1417.792171,3815.757733,1465.015056,1465.015056,-202.0353278,-202.0353278,-202.0353278,203.7542451,203.7542451,203.7542451,-405.789573,-405.789573,-405.789573,0,0,0,1262.979728
23-06-2014,1465.156924,-1175.39664,4259.869391,1465.156924,1465.156924,0.106933666,0.106933666,0.106933666,411.5590087,411.5590087,411.5590087,-411.4520751,-411.4520751,-411.4520751,0,0,0,1465.263857
24-06-2014,1465.298792,-1815.999108,3576.692075,1465.298792,1465.298792,-586.9131624,-586.9131624,-586.9131624,-171.2908683,-171.2908683,-171.2908683,-415.6222942,-415.6222942,-415.6222942,0,0,0,878.3856295
25-06-2014,1465.44066,-2742.395631,2687.537807,1465.44066,1465.44066,-1459.942399,-1459.942399,-1459.942399,-1041.47232,-1041.47232,-1041.47232,-418.4700797,-418.4700797,-418.4700797,0,0,0,5.498260768
27-06-2014,1465.724396,-1448.43019,4254.455258,1465.724396,1465.724396,-1.228978787,-1.228978787,-1.228978787,419.7405272,419.7405272,419.7405272,-420.9695059,-420.9695059,-420.9695059,0,0,0,1464.495417
28-06-2014,1465.866264,-1472.338208,3909.016087,1465.866264,1465.866264,-399.0605548,-399.0605548,-399.0605548,21.96802764,21.96802764,21.96802764,-421.0285824,-421.0285824,-421.0285824,0,0,0,1066.80571
29-06-2014,1466.008133,-1478.444291,4118.608731,1466.008133,1466.008133,-216.8102811,-216.8102811,-216.8102811,203.7542451,203.7542451,203.7542451,-420.5645263,-420.5645263,-420.5645263,0,0,0,1249.197851
30-06-2014,1466.150001,-1405.859643,4221.024132,1466.150001,1466.150001,-8.209695122,-8.209695122,-8.209695122,411.5590087,411.5590087,411.5590087,-419.7687039,-419.7687039,-419.7687039,0,0,0,1457.940306
01-07-2014,1466.291869,-1936.723626,3419.819087,1466.291869,1466.291869,-590.1063968,-590.1063968,-590.1063968,-171.2908683,-171.2908683,-171.2908683,-418.8155285,-418.8155285,-418.8155285,0,0,0,876.185472
02-07-2014,1466.433737,-2707.036481,2613.164016,1466.433737,1466.433737,-1459.329478,-1459.329478,-1459.329478,-1041.47232,-1041.47232,-1041.47232,-417.8571588,-417.8571588,-417.8571588,0,0,0,7.104258438
04-07-2014,1466.717473,-1314.393972,4089.001232,1466.717473,1466.717473,3.342320723,3.342320723,3.342320723,419.7405272,419.7405272,419.7405272,-416.3982064,-416.3982064,-416.3982064,0,0,0,1470.059794
05-07-2014,1466.859341,-1881.046295,3757.349695,1466.859341,1466.859341,-394.0909186,-394.0909186,-394.0909186,21.96802764,21.96802764,21.96802764,-416.0589462,-416.0589462,-416.0589462,0,0,0,1072.768423
06-07-2014,1467.001209,-1555.797006,3857.166733,1467.001209,1467.001209,-212.2806917,-212.2806917,-212.2806917,203.7542451,203.7542451,203.7542451,-416.0349368,-416.0349368,-416.0349368,0,0,0,1254.720518
07-07-2014,1467.143077,-1095.619467,4213.68471,1467.143077,1467.143077,-4.769716775,-4.769716775,-4.769716775,411.5590087,411.5590087,411.5590087,-416.3287255,-416.3287255,-416.3287255,0,0,0,1462.373361
08-07-2014,1467.284946,-1764.366884,3703.518807,1467.284946,1467.284946,-588.2048087,-588.2048087,-588.2048087,-171.2908683,-171.2908683,-171.2908683,-416.9139405,-416.9139405,-416.9139405,0,0,0,879.0801368
09-07-2014,1467.426814,-2839.148434,2677.544736,1467.426814,1467.426814,-1459.210622,-1459.210622,-1459.210622,-1041.47232,-1041.47232,-1041.47232,-417.7383023,-417.7383023,-417.7383023,0,0,0,8.216191759
11-07-2014,1467.71055,-1314.244916,4237.796748,1467.71055,1467.71055,-0.049592944,-0.049592944,-0.049592944,419.7405272,419.7405272,419.7405272,-419.7901201,-419.7901201,-419.7901201,0,0,0,1467.660957
12-07-2014,1467.852418,-1715.032896,3788.65427,1467.852418,1467.852418,-398.8543152,-398.8543152,-398.8543152,21.96802764,21.96802764,21.96802764,-420.8223428,-420.8223428,-420.8223428,0,0,0,1068.998103
13-07-2014,1467.994286,-1405.081846,4087.403429,1467.994286,1467.994286,-217.9597647,-217.9597647,-217.9597647,203.7542451,203.7542451,203.7542451,-421.7140099,-421.7140099,-421.7140099,0,0,0,1250.034521
14-07-2014,1468.136154,-1050.435302,4089.834763,1468.136154,1468.136154,-10.79501712,-10.79501712,-10.79501712,411.5590087,411.5590087,411.5590087,-422.3540259,-422.3540259,-422.3540259,0,0,0,1457.341137
15-07-2014,1468.278022,-1926.307452,3423.80869,1468.278022,1468.278022,-593.9268297,-593.9268297,-593.9268297,-171.2908683,-171.2908683,-171.2908683,-422.6359614,-422.6359614,-422.6359614,0,0,0,874.3511927
18-07-2014,1468.703627,-1306.043739,4184.997994,1468.703627,1468.703627,-0.704316199,-0.704316199,-0.704316199,419.7405272,419.7405272,419.7405272,-420.4448434,-420.4448434,-420.4448434,0,0,0,1467.999311
19-07-2014,1468.845495,-1776.379291,3586.702603,1468.845495,1468.845495,-396.5260212,-396.5260212,-396.5260212,21.96802764,21.96802764,21.96802764,-418.4940488,-418.4940488,-418.4940488,0,0,0,1072.319474
20-07-2014,1468.987363,-1495.73445,4094.320746,1468.987363,1468.987363,-212.1295595,-212.1295595,-212.1295595,203.7542451,203.7542451,203.7542451,-415.8838047,-415.8838047,-415.8838047,0,0,0,1256.857803
21-07-2014,1469.129232,-1657.532641,4098.939169,1469.129232,1469.129232,-1.062141304,-1.062141304,-1.062141304,411.5590087,411.5590087,411.5590087,-412.6211501,-412.6211501,-412.6211501,0,0,0,1468.067091
22-07-2014,1469.271102,-1903.307409,3754.828555,1469.271102,1469.271102,-580.0287901,-580.0287901,-580.0287901,-171.2908683,-171.2908683,-171.2908683,-408.7379218,-408.7379218,-408.7379218,0,0,0,889.2423115
23-07-2014,1469.412971,-2736.819751,2843.5966,1469.412971,1469.412971,-1445.761848,-1445.761848,-1445.761848,-1041.47232,-1041.47232,-1041.47232,-404.2895285,-404.2895285,-404.2895285,0,0,0,23.65112283
25-07-2014,1469.69671,-1139.560094,4212.812959,1469.69671,1469.69671,25.71888938,25.71888938,25.71888938,419.7405272,419.7405272,419.7405272,-394.0216378,-394.0216378,-394.0216378,0,0,0,1495.415599
26-07-2014,1469.838579,-1648.890854,3743.868618,1469.838579,1469.838579,-366.4365739,-366.4365739,-366.4365739,21.96802764,21.96802764,21.96802764,-388.4046016,-388.4046016,-388.4046016,0,0,0,1103.402005
27-07-2014,1469.980448,-1519.316062,4175.931965,1469.980448,1469.980448,-178.8636078,-178.8636078,-178.8636078,203.7542451,203.7542451,203.7542451,-382.6178529,-382.6178529,-382.6178529,0,0,0,1291.116841
28-07-2014,1470.122318,-1274.787807,4441.143197,1470.122318,1470.122318,34.77866632,34.77866632,34.77866632,411.5590087,411.5590087,411.5590087,-376.7803424,-376.7803424,-376.7803424,0,0,0,1504.900984
30-07-2014,1470.406056,-2740.559691,2732.14926,1470.406056,1470.406056,-1406.876623,-1406.876623,-1406.876623,-1041.47232,-1041.47232,-1041.47232,-365.4043037,-365.4043037,-365.4043037,0,0,0,63.52943298
01-08-2014,1470.689795,-1354.123284,4104.786156,1470.689795,1470.689795,64.70065805,64.70065805,64.70065805,419.7405272,419.7405272,419.7405272,-355.0398691,-355.0398691,-355.0398691,0,0,0,1535.390453
02-08-2014,1470.831664,-1726.034933,3924.895954,1470.831664,1470.831664,-328.4139496,-328.4139496,-328.4139496,21.96802764,21.96802764,21.96802764,-350.3819773,-350.3819773,-350.3819773,0,0,0,1142.417715
03-08-2014,1470.973534,-1379.099882,4063.332708,1470.973534,1470.973534,-142.3356442,-142.3356442,-142.3356442,203.7542451,203.7542451,203.7542451,-346.0898893,-346.0898893,-346.0898893,0,0,0,1328.63789
04-08-2014,1471.115403,-1121.919232,4155.913935,1471.115403,1471.115403,69.42958189,69.42958189,69.42958189,411.5590087,411.5590087,411.5590087,-342.1294269,-342.1294269,-342.1294269,0,0,0,1540.544985
05-08-2014,1471.257272,-1878.487165,3620.487647,1471.257272,1471.257272,-509.7160958,-509.7160958,-509.7160958,-171.2908683,-171.2908683,-171.2908683,-338.4252275,-338.4252275,-338.4252275,0,0,0,961.5411765
06-08-2014,1471.399142,-2491.310697,2725.648158,1471.399142,1471.399142,-1376.331016,-1376.331016,-1376.331016,-1041.47232,-1041.47232,-1041.47232,-334.8586966,-334.8586966,-334.8586966,0,0,0,95.06812545
08-08-2014,1471.68288,-1048.103969,4451.204362,1471.68288,1471.68288,92.29552645,92.29552645,92.29552645,419.7405272,419.7405272,419.7405272,-327.4450007,-327.4450007,-327.4450007,0,0,0,1563.978407
09-08-2014,1471.82475,-1401.984688,4159.400153,1471.82475,1471.82475,-301.1766839,-301.1766839,-301.1766839,21.96802764,21.96802764,21.96802764,-323.1447115,-323.1447115,-323.1447115,0,0,0,1170.648066
11-08-2014,1472.108488,-1075.12394,4240.353151,1472.108488,1472.108488,99.6219975,99.6219975,99.6219975,411.5590087,411.5590087,411.5590087,-311.9370112,-311.9370112,-311.9370112,0,0,0,1571.730486
12-08-2014,1472.250358,-1765.077044,3558.154265,1472.250358,1472.250358,-475.6576998,-475.6576998,-475.6576998,-171.2908683,-171.2908683,-171.2908683,-304.3668315,-304.3668315,-304.3668315,0,0,0,996.5926579
15-08-2014,1472.675966,-1254.792635,4026.491022,1472.675966,1472.675966,150.3286562,150.3286562,150.3286562,419.7405272,419.7405272,419.7405272,-269.4118709,-269.4118709,-269.4118709,0,0,0,1623.004622
16-08-2014,1472.817835,-1752.477337,3806.714389,1472.817835,1472.817835,-230.4622852,-230.4622852,-230.4622852,21.96802764,21.96802764,21.96802764,-252.4303129,-252.4303129,-252.4303129,0,0,0,1242.35555
17-08-2014,1472.959704,-1147.97765,4101.31321,1472.959704,1472.959704,-28.42998186,-28.42998186,-28.42998186,203.7542451,203.7542451,203.7542451,-232.184227,-232.184227,-232.184227,0,0,0,1444.529723
19-08-2014,1473.243443,-1596.104882,3837.353537,1473.243443,1473.243443,-351.9329207,-351.9329207,-351.9329207,-171.2908683,-171.2908683,-171.2908683,-180.6420524,-180.6420524,-180.6420524,0,0,0,1121.310522
20-08-2014,1473.385312,-2422.69739,3057.822317,1473.385312,1473.385312,-1190.295441,-1190.295441,-1190.295441,-1041.47232,-1041.47232,-1041.47232,-148.8231214,-148.8231214,-148.8231214,0,0,0,283.0898714
22-08-2014,1473.669051,-880.7457216,4600.950427,1473.669051,1473.669051,347.544737,347.544737,347.544737,419.7405272,419.7405272,419.7405272,-72.19579014,-72.19579014,-72.19579014,0,0,0,1821.213788
23-08-2014,1473.81092,-1115.209307,4113.980994,1473.81092,1473.81092,-5.261274451,-5.261274451,-5.261274451,21.96802764,21.96802764,21.96802764,-27.22930209,-27.22930209,-27.22930209,0,0,0,1468.549646
24-08-2014,1473.95279,-1128.529869,4639.130358,1473.95279,1473.95279,225.9058498,225.9058498,225.9058498,203.7542451,203.7542451,203.7542451,22.15160469,22.15160469,22.15160469,0,0,0,1699.85864
25-08-2014,1474.094659,-712.5382007,4592.319749,1474.094659,1474.094659,487.3885685,487.3885685,487.3885685,411.5590087,411.5590087,411.5590087,75.8295598,75.8295598,75.8295598,0,0,0,1961.483228
26-08-2014,1474.236528,-1340.255233,4317.41723,1474.236528,1474.236528,-37.68859354,-37.68859354,-37.68859354,-171.2908683,-171.2908683,-171.2908683,133.6022747,133.6022747,133.6022747,0,0,0,1436.547935
27-08-2014,1474.378398,-2242.438408,3402.187828,1474.378398,1474.378398,-846.2907142,-846.2907142,-846.2907142,-1041.47232,-1041.47232,-1041.47232,195.1816054,195.1816054,195.1816054,0,0,0,628.0876836
29-08-2014,1474.662136,-499.3695888,4906.070234,1474.662136,1474.662136,747.9255403,747.9255403,747.9255403,419.7405272,419.7405272,419.7405272,328.1850131,328.1850131,328.1850131,0,0,0,2222.587677
30-08-2014,1474.804006,-909.9421846,4670.753484,1474.804006,1474.804006,420.5878913,420.5878913,420.5878913,21.96802764,21.96802764,21.96802764,398.6198637,398.6198637,398.6198637,0,0,0,1895.391897
31-08-2014,1474.945875,-655.4792407,4864.575817,1474.945875,1474.945875,674.6475443,674.6475443,674.6475443,203.7542451,203.7542451,203.7542451,470.8932992,470.8932992,470.8932992,0,0,0,2149.593419
01-09-2014,1475.087744,-120.9423901,5187.306554,1475.087744,1475.087744,955.8943426,955.8943426,955.8943426,411.5590087,411.5590087,411.5590087,544.3353339,544.3353339,544.3353339,0,0,0,2430.982087
02-09-2014,1475.229614,-745.1160385,4262.559776,1475.229614,1475.229614,446.9298505,446.9298505,446.9298505,-171.2908683,-171.2908683,-171.2908683,618.2207188,618.2207188,618.2207188,0,0,0,1922.159464
03-09-2014,1475.371483,-1513.334225,3874.632525,1475.371483,1475.371483,-349.693012,-349.693012,-349.693012,-1041.47232,-1041.47232,-1041.47232,691.7793076,691.7793076,691.7793076,0,0,0,1125.678471
05-09-2014,1475.655222,190.5372257,5570.614294,1475.655222,1475.655222,1254.421072,1254.421072,1254.421072,419.7405272,419.7405272,419.7405272,834.6805449,834.6805449,834.6805449,0,0,0,2730.076294
06-09-2014,1475.797091,-316.0845905,5280.733801,1475.797091,1475.797091,924.3334908,924.3334908,924.3334908,21.96802764,21.96802764,21.96802764,902.3654632,902.3654632,902.3654632,0,0,0,2400.130582
07-09-2014,1475.93896,-218.2889329,5396.893274,1475.93896,1475.93896,1170.188591,1170.188591,1170.188591,203.7542451,203.7542451,203.7542451,966.4343463,966.4343463,966.4343463,0,0,0,2646.127552
08-09-2014,1476.08083,191.319149,5809.504592,1476.08083,1476.08083,1437.636784,1437.636784,1437.636784,411.5590087,411.5590087,411.5590087,1026.077775,1026.077775,1026.077775,0,0,0,2913.717614
09-09-2014,1476.222699,-344.050064,5251.343407,1476.222699,1476.222699,909.2272385,909.2272385,909.2272385,-171.2908683,-171.2908683,-171.2908683,1080.518107,1080.518107,1080.518107,0,0,0,2385.449938
10-09-2014,1476.364568,-1267.700535,4186.654614,1476.364568,1476.364568,87.55006727,87.55006727,87.55006727,-1041.47232,-1041.47232,-1041.47232,1129.022387,1129.022387,1129.022387,0,0,0,1563.914635
11-09-2014,1476.506437,53.79622806,5415.679288,1476.506437,1476.506437,1326.656026,1326.656026,1326.656026,155.7413792,155.7413792,155.7413792,1170.914647,1170.914647,1170.914647,0,0,0,2803.162463
12-09-2014,1476.648306,502.6253526,5690.512302,1476.648306,1476.648306,1625.3279,1625.3279,1625.3279,419.7405272,419.7405272,419.7405272,1205.587373,1205.587373,1205.587373,0,0,0,3101.976206
13-09-2014,1476.790175,-121.0136695,5325.122062,1476.790175,1476.790175,1254.479973,1254.479973,1254.479973,21.96802764,21.96802764,21.96802764,1232.511945,1232.511945,1232.511945,0,0,0,2731.270148
14-09-2014,1476.932044,203.4665713,5386.638531,1476.932044,1476.932044,1455.002123,1455.002123,1455.002123,203.7542451,203.7542451,203.7542451,1251.247878,1251.247878,1251.247878,0,0,0,2931.934167
15-09-2014,1477.073913,395.5119739,5768.971585,1477.073913,1477.073913,1673.009709,1673.009709,1673.009709,411.5590087,411.5590087,411.5590087,1261.450701,1261.450701,1261.450701,0,0,0,3150.083623
16-09-2014,1477.215782,-216.0349518,5234.588909,1477.215782,1477.215782,1091.587513,1091.587513,1091.587513,-171.2908683,-171.2908683,-171.2908683,1262.878381,1262.878381,1262.878381,0,0,0,2568.803295
17-09-2014,1477.357651,-973.8790461,4392.445044,1477.357651,1477.357651,213.9238601,213.9238601,213.9238601,-1041.47232,-1041.47232,-1041.47232,1255.39618,1255.39618,1255.39618,0,0,0,1691.281511
19-09-2014,1477.641389,179.6406857,5650.844837,1477.641389,1477.641389,1633.457955,1633.457955,1633.457955,419.7405272,419.7405272,419.7405272,1213.717427,1213.717427,1213.717427,0,0,0,3111.099344
20-09-2014,1477.783258,-16.49086732,5454.20671,1477.783258,1477.783258,1201.776815,1201.776815,1201.776815,21.96802764,21.96802764,21.96802764,1179.808787,1179.808787,1179.808787,0,0,0,2679.560073
21-09-2014,1477.925127,-59.70477315,5548.024111,1477.925127,1477.925127,1341.318601,1341.318601,1341.318601,203.7542451,203.7542451,203.7542451,1137.564356,1137.564356,1137.564356,0,0,0,2819.243728
22-09-2014,1478.066996,171.2273722,5554.381462,1478.066996,1478.066996,1498.960689,1498.960689,1498.960689,411.5590087,411.5590087,411.5590087,1087.40168,1087.40168,1087.40168,0,0,0,2977.027685
23-09-2014,1478.208865,-301.9457863,5059.186038,1478.208865,1478.208865,858.5498614,858.5498614,858.5498614,-171.2908683,-171.2908683,-171.2908683,1029.84073,1029.84073,1029.84073,0,0,0,2336.758727
24-09-2014,1478.350734,-1166.995069,4107.141144,1478.350734,1478.350734,-75.97454695,-75.97454695,-75.97454695,-1041.47232,-1041.47232,-1041.47232,965.4977727,965.4977727,965.4977727,0,0,0,1402.376187
25-09-2014,1478.492603,-199.1078714,5094.832567,1478.492603,1478.492603,1050.819342,1050.819342,1050.819342,155.7413792,155.7413792,155.7413792,895.0779631,895.0779631,895.0779631,0,0,0,2529.311946
26-09-2014,1478.634472,83.02864818,5358.061498,1478.634472,1478.634472,1239.107301,1239.107301,1239.107301,419.7405272,419.7405272,419.7405272,819.3667737,819.3667737,819.3667737,0,0,0,2717.741773
27-09-2014,1478.776341,-483.2502738,4729.876006,1478.776341,1478.776341,761.1884362,761.1884362,761.1884362,21.96802764,21.96802764,21.96802764,739.2204086,739.2204086,739.2204086,0,0,0,2239.964777
28-09-2014,1478.91821,-181.3722599,5215.502591,1478.91821,1478.91821,859.3095858,859.3095858,859.3095858,203.7542451,203.7542451,203.7542451,655.5553407,655.5553407,655.5553407,0,0,0,2338.227796
29-09-2014,1479.060079,-351.4738118,5074.246011,1479.060079,1479.060079,980.8961325,980.8961325,980.8961325,411.5590087,411.5590087,411.5590087,569.3371238,569.3371238,569.3371238,0,0,0,2459.956212
30-09-2014,1479.201948,-911.4111037,4670.798517,1479.201948,1479.201948,310.2777626,310.2777626,310.2777626,-171.2908683,-171.2908683,-171.2908683,481.5686309,481.5686309,481.5686309,0,0,0,1789.479711
01-10-2014,1479.343817,-2061.670833,3583.009061,1479.343817,1479.343817,-648.1944493,-648.1944493,-648.1944493,-1041.47232,-1041.47232,-1041.47232,393.2778703,393.2778703,393.2778703,0,0,0,831.1493681
02-10-2014,1479.485686,-757.097768,4794.265923,1479.485686,1479.485686,461.24691,461.24691,461.24691,155.7413792,155.7413792,155.7413792,305.5055308,305.5055308,305.5055308,0,0,0,1940.732596
03-10-2014,1479.627555,-746.2895794,5053.472175,1479.627555,1479.627555,639.0329273,639.0329273,639.0329273,419.7405272,419.7405272,419.7405272,219.2924001,219.2924001,219.2924001,0,0,0,2118.660483
04-10-2014,1479.769424,-1072.966722,4346.707915,1479.769424,1479.769424,157.6348302,157.6348302,157.6348302,21.96802764,21.96802764,21.96802764,135.6668026,135.6668026,135.6668026,0,0,0,1637.404255
05-10-2014,1479.911293,-1119.799974,4356.118063,1479.911293,1479.911293,259.386434,259.386434,259.386434,203.7542451,203.7542451,203.7542451,55.6321889,55.6321889,55.6321889,0,0,0,1739.297727
06-10-2014,1480.053162,-841.1977163,4619.56497,1480.053162,1480.053162,391.7140217,391.7140217,391.7140217,411.5590087,411.5590087,411.5590087,-19.84498707,-19.84498707,-19.84498707,0,0,0,1871.767184
07-10-2014,1480.195031,-1460.760684,4123.368328,1480.195031,1480.195031,-261.1378493,-261.1378493,-261.1378493,-171.2908683,-171.2908683,-171.2908683,-89.84698103,-89.84698103,-89.84698103,0,0,0,1219.057182
08-10-2014,1480.3369,-2622.566052,3143.490793,1480.3369,1480.3369,-1194.988259,-1194.988259,-1194.988259,-1041.47232,-1041.47232,-1041.47232,-153.5159398,-153.5159398,-153.5159398,0,0,0,285.348641
09-10-2014,1480.478769,-1443.61035,4200.896008,1480.478769,1480.478769,-54.32305842,-54.32305842,-54.32305842,155.7413792,155.7413792,155.7413792,-210.0644376,-210.0644376,-210.0644376,0,0,0,1426.155711
10-10-2014,1480.620638,-1110.031488,4360.104812,1480.620638,1480.620638,160.9552689,160.9552689,160.9552689,419.7405272,419.7405272,419.7405272,-258.7852582,-258.7852582,-258.7852582,0,0,0,1641.575907
11-10-2014,1480.762507,-1504.215632,3924.400608,1480.762507,1480.762507,-277.0922912,-277.0922912,-277.0922912,21.96802764,21.96802764,21.96802764,-299.0603188,-299.0603188,-299.0603188,0,0,0,1203.670216
12-10-2014,1480.904376,-1361.147636,4046.14598,1480.904376,1480.904376,-126.6143916,-126.6143916,-126.6143916,203.7542451,203.7542451,203.7542451,-330.3686368,-330.3686368,-330.3686368,0,0,0,1354.289985
13-10-2014,1481.046245,-1197.416088,4215.436391,1481.046245,1481.046245,59.26576385,59.26576385,59.26576385,411.5590087,411.5590087,411.5590087,-352.2932449,-352.2932449,-352.2932449,0,0,0,1540.312009
14-10-2014,1481.188114,-1698.260772,3859.443998,1481.188114,1481.188114,-535.8178351,-535.8178351,-535.8178351,-171.2908683,-171.2908683,-171.2908683,-364.5269668,-364.5269668,-364.5269668,0,0,0,945.3702793
15-10-2014,1481.329983,-2550.617723,2700.360449,1481.329983,1481.329983,-1408.349287,-1408.349287,-1408.349287,-1041.47232,-1041.47232,-1041.47232,-366.8769678,-366.8769678,-366.8769678,0,0,0,72.98069597
16-10-2014,1481.471852,-1573.690241,4122.106779,1481.471852,1481.471852,-203.5266261,-203.5266261,-203.5266261,155.7413792,155.7413792,155.7413792,-359.2680053,-359.2680053,-359.2680053,0,0,0,1277.945226
17-10-2014,1481.613721,-1050.77033,4319.792331,1481.613721,1481.613721,77.99621932,77.99621932,77.99621932,419.7405272,419.7405272,419.7405272,-341.7443078,-341.7443078,-341.7443078,0,0,0,1559.609941
18-10-2014,1481.75559,-1566.80429,3870.693869,1481.75559,1481.75559,-292.5019959,-292.5019959,-292.5019959,21.96802764,21.96802764,21.96802764,-314.4700235,-314.4700235,-314.4700235,0,0,0,1189.253595
19-10-2014,1481.897459,-1296.45893,4202.574854,1481.897459,1481.897459,-73.97394044,-73.97394044,-73.97394044,203.7542451,203.7542451,203.7542451,-277.7281856,-277.7281856,-277.7281856,0,0,0,1407.923519
20-10-2014,1482.039329,-946.0369982,4597.165058,1482.039329,1482.039329,179.6408496,179.6408496,179.6408496,411.5590087,411.5590087,411.5590087,-231.9181592,-231.9181592,-231.9181592,0,0,0,1661.680179
21-10-2014,1482.181198,-1398.454751,3790.845175,1482.181198,1482.181198,-348.842413,-348.842413,-348.842413,-171.2908683,-171.2908683,-171.2908683,-177.5515447,-177.5515447,-177.5515447,0,0,0,1133.338785
22-10-2014,1482.323068,-2409.751611,3073.695886,1482.323068,1482.323068,-1156.718853,-1156.718853,-1156.718853,-1041.47232,-1041.47232,-1041.47232,-115.2465329,-115.2465329,-115.2465329,0,0,0,325.6042153
24-10-2014,1482.606807,-743.8617408,4694.386022,1482.606807,1482.606807,449.9580844,449.9580844,449.9580844,419.7405272,419.7405272,419.7405272,30.2175572,30.2175572,30.2175572,0,0,0,1932.564891
25-10-2014,1482.748676,-1199.802155,4413.447661,1482.748676,1482.748676,133.6474093,133.6474093,133.6474093,21.96802764,21.96802764,21.96802764,111.6793817,111.6793817,111.6793817,0,0,0,1616.396085
26-10-2014,1482.890546,-825.1755879,4412.478626,1482.890546,1482.890546,401.4609523,401.4609523,401.4609523,203.7542451,203.7542451,203.7542451,197.7067072,197.7067072,197.7067072,0,0,0,1884.351498
27-10-2014,1483.032415,-731.2345433,4957.698738,1483.032415,1483.032415,698.8441203,698.8441203,698.8441203,411.5590087,411.5590087,411.5590087,287.2851116,287.2851116,287.2851116,0,0,0,2181.876535
28-10-2014,1483.174285,-1078.974177,4350.110467,1483.174285,1483.174285,208.0667737,208.0667737,208.0667737,-171.2908683,-171.2908683,-171.2908683,379.3576419,379.3576419,379.3576419,0,0,0,1691.241058
29-10-2014,1483.316154,-1563.871276,3729.634067,1483.316154,1483.316154,-568.632708,-568.632708,-568.632708,-1041.47232,-1041.47232,-1041.47232,472.8396116,472.8396116,472.8396116,0,0,0,914.683446
31-10-2014,1483.599893,-200.8109352,5127.694857,1483.599893,1483.599893,1079.388839,1079.388839,1079.388839,419.7405272,419.7405272,419.7405272,659.6483121,659.6483121,659.6483121,0,0,0,2562.988732
01-11-2014,1483.741762,-508.2426342,4974.651964,1483.741762,1483.741762,772.7774616,772.7774616,772.7774616,21.96802764,21.96802764,21.96802764,750.8094339,750.8094339,750.8094339,0,0,0,2256.519224
02-11-2014,1483.883632,-294.3183036,5258.529248,1483.883632,1483.883632,1042.835838,1042.835838,1042.835838,203.7542451,203.7542451,203.7542451,839.0815926,839.0815926,839.0815926,0,0,0,2526.71947
03-11-2014,1484.025501,-37.16980108,5584.657702,1484.025501,1484.025501,1335.040782,1335.040782,1335.040782,411.5590087,411.5590087,411.5590087,923.4817732,923.4817732,923.4817732,0,0,0,2819.066283
04-11-2014,1484.167371,-390.693453,4862.005605,1484.167371,1484.167371,831.8046535,831.8046535,831.8046535,-171.2908683,-171.2908683,-171.2908683,1003.095522,1003.095522,1003.095522,0,0,0,2315.972024
05-11-2014,1484.30924,-1340.45744,4208.360543,1484.30924,1484.30924,35.61944621,35.61944621,35.61944621,-1041.47232,-1041.47232,-1041.47232,1077.091766,1077.091766,1077.091766,0,0,0,1519.928686
06-11-2014,1484.45111,-33.54765823,5401.706966,1484.45111,1484.45111,1300.477884,1300.477884,1300.477884,155.7413792,155.7413792,155.7413792,1144.736504,1144.736504,1144.736504,0,0,0,2784.928993
07-11-2014,1484.592979,232.4683983,5709.863895,1484.592979,1484.592979,1625.145605,1625.145605,1625.145605,419.7405272,419.7405272,419.7405272,1205.405078,1205.405078,1205.405078,0,0,0,3109.738584
08-11-2014,1484.734849,63.49569615,5437.183348,1484.734849,1484.734849,1280.560762,1280.560762,1280.560762,21.96802764,21.96802764,21.96802764,1258.592734,1258.592734,1258.592734,0,0,0,2765.29561
09-11-2014,1484.876718,120.6495818,5776.607093,1484.876718,1484.876718,1507.677483,1507.677483,1507.677483,203.7542451,203.7542451,203.7542451,1303.923238,1303.923238,1303.923238,0,0,0,2992.554201
10-11-2014,1485.018587,515.0976514,5959.464586,1485.018587,1485.018587,1752.714288,1752.714288,1752.714288,411.5590087,411.5590087,411.5590087,1341.155279,1341.155279,1341.155279,0,0,0,3237.732875
11-11-2014,1485.160457,-187.8336173,5168.387742,1485.160457,1485.160457,1198.895622,1198.895622,1198.895622,-171.2908683,-171.2908683,-171.2908683,1370.18649,1370.18649,1370.18649,0,0,0,2684.056079
12-11-2014,1485.302326,-1028.913174,4553.130562,1485.302326,1485.302326,349.5825919,349.5825919,349.5825919,-1041.47232,-1041.47232,-1041.47232,1391.054911,1391.054911,1391.054911,0,0,0,1834.884918
14-11-2014,1485.586065,615.2640922,6162.308855,1485.586065,1485.586065,1828.888177,1828.888177,1828.888177,419.7405272,419.7405272,419.7405272,1409.14765,1409.14765,1409.14765,0,0,0,3314.474242
15-11-2014,1485.727935,76.75282465,5609.891645,1485.727935,1485.727935,1429.093664,1429.093664,1429.093664,21.96802764,21.96802764,21.96802764,1407.125636,1407.125636,1407.125636,0,0,0,2914.821598
16-11-2014,1485.869804,400.7998526,5937.347674,1485.869804,1485.869804,1602.186424,1602.186424,1602.186424,203.7542451,203.7542451,203.7542451,1398.432179,1398.432179,1398.432179,0,0,0,3088.056228
17-11-2014,1486.011674,359.6493408,5981.426507,1486.011674,1486.011674,1795.294106,1795.294106,1795.294106,411.5590087,411.5590087,411.5590087,1383.735097,1383.735097,1383.735097,0,0,0,3281.30578
18-11-2014,1486.153543,177.6514639,5420.752711,1486.153543,1486.153543,1192.504447,1192.504447,1192.504447,-171.2908683,-171.2908683,-171.2908683,1363.795315,1363.795315,1363.795315,0,0,0,2678.65799
19-11-2014,1486.295413,-885.9617281,4492.217162,1486.295413,1486.295413,297.9781091,297.9781091,297.9781091,-1041.47232,-1041.47232,-1041.47232,1339.450429,1339.450429,1339.450429,0,0,0,1784.273522
20-11-2014,1486.437282,218.1702227,5379.606392,1486.437282,1486.437282,1467.337797,1467.337797,1467.337797,155.7413792,155.7413792,155.7413792,1311.596417,1311.596417,1311.596417,0,0,0,2953.775079
21-11-2014,1486.579151,598.799757,5735.703523,1486.579151,1486.579151,1700.908366,1700.908366,1700.908366,419.7405272,419.7405272,419.7405272,1281.167839,1281.167839,1281.167839,0,0,0,3187.487518
22-11-2014,1486.721021,30.31417343,5453.786626,1486.721021,1486.721021,1271.084933,1271.084933,1271.084933,21.96802764,21.96802764,21.96802764,1249.116906,1249.116906,1249.116906,0,0,0,2757.805954
23-11-2014,1486.86289,120.8264678,5924.844972,1486.86289,1486.86289,1420.146118,1420.146118,1420.146118,203.7542451,203.7542451,203.7542451,1216.391873,1216.391873,1216.391873,0,0,0,2907.009008
24-11-2014,1487.00476,475.7961563,6013.841102,1487.00476,1487.00476,1595.474206,1595.474206,1595.474206,411.5590087,411.5590087,411.5590087,1183.915198,1183.915198,1183.915198,0,0,0,3082.478966
25-11-2014,1487.146629,-398.8187677,5235.834084,1487.146629,1487.146629,981.2710853,981.2710853,981.2710853,-171.2908683,-171.2908683,-171.2908683,1152.561954,1152.561954,1152.561954,0,0,0,2468.417715
26-11-2014,1487.288499,-1227.184308,4367.155791,1487.288499,1487.288499,81.6666763,81.6666763,81.6666763,-1041.47232,-1041.47232,-1041.47232,1123.138996,1123.138996,1123.138996,0,0,0,1568.955175
27-11-2014,1487.430368,253.8707399,5461.296449,1487.430368,1487.430368,1252.106742,1252.106742,1252.106742,155.7413792,155.7413792,155.7413792,1096.365363,1096.365363,1096.365363,0,0,0,2739.53711
28-11-2014,1487.572238,265.3834066,5688.493427,1487.572238,1487.572238,1492.594925,1492.594925,1492.594925,419.7405272,419.7405272,419.7405272,1072.854398,1072.854398,1072.854398,0,0,0,2980.167163
29-11-2014,1487.714107,-85.73448172,5215.704879,1487.714107,1487.714107,1075.066067,1075.066067,1075.066067,21.96802764,21.96802764,21.96802764,1053.098039,1053.098039,1053.098039,0,0,0,2562.780174
30-11-2014,1487.855977,201.5675127,5529.568675,1487.855977,1487.855977,1241.207942,1241.207942,1241.207942,203.7542451,203.7542451,203.7542451,1037.453697,1037.453697,1037.453697,0,0,0,2729.063919
01-12-2014,1487.997846,122.280344,5718.336806,1487.997846,1487.997846,1437.693091,1437.693091,1437.693091,411.5590087,411.5590087,411.5590087,1026.134082,1026.134082,1026.134082,0,0,0,2925.690937
02-12-2014,1488.139718,-628.310272,5046.168612,1488.139718,1488.139718,847.9094255,847.9094255,847.9094255,-171.2908683,-171.2908683,-171.2908683,1019.200294,1019.200294,1019.200294,0,0,0,2336.049144
03-12-2014,1488.281591,-1241.963274,3924.693531,1488.281591,1488.281591,-24.9139122,-24.9139122,-24.9139122,-1041.47232,-1041.47232,-1041.47232,1016.558407,1016.558407,1016.558407,0,0,0,1463.367678
04-12-2014,1488.423463,31.0738424,5504.295447,1488.423463,1488.423463,1173.701101,1173.701101,1173.701101,155.7413792,155.7413792,155.7413792,1017.959721,1017.959721,1017.959721,0,0,0,2662.124563
05-12-2014,1488.565335,260.8554325,5640.825988,1488.565335,1488.565335,1442.745271,1442.745271,1442.745271,419.7405272,419.7405272,419.7405272,1023.004744,1023.004744,1023.004744,0,0,0,2931.310607
06-12-2014,1488.707208,-240.841205,5062.581638,1488.707208,1488.707208,1053.118942,1053.118942,1053.118942,21.96802764,21.96802764,21.96802764,1031.150915,1031.150915,1031.150915,0,0,0,2541.82615
07-12-2014,1488.84908,14.39596303,5341.712354,1488.84908,1488.84908,1245.478198,1245.478198,1245.478198,203.7542451,203.7542451,203.7542451,1041.723953,1041.723953,1041.723953,0,0,0,2734.327278
08-12-2014,1488.990952,124.5112754,5917.032807,1488.990952,1488.990952,1465.491667,1465.491667,1465.491667,411.5590087,411.5590087,411.5590087,1053.932659,1053.932659,1053.932659,0,0,0,2954.48262
09-12-2014,1489.132825,-254.8955194,4981.652232,1489.132825,1489.132825,895.5960078,895.5960078,895.5960078,-171.2908683,-171.2908683,-171.2908683,1066.886876,1066.886876,1066.886876,0,0,0,2384.728832
10-12-2014,1489.274697,-1226.739932,4471.954163,1489.274697,1489.274697,38.14595082,38.14595082,38.14595082,-1041.47232,-1041.47232,-1041.47232,1079.61827,1079.61827,1079.61827,0,0,0,1527.420648
12-12-2014,1489.558442,416.0908135,5702.906086,1489.558442,1489.558442,1520.029621,1520.029621,1520.029621,419.7405272,419.7405272,419.7405272,1100.289094,1100.289094,1100.289094,0,0,0,3009.588062
13-12-2014,1489.700314,-87.88681907,5619.189832,1489.700314,1489.700314,1128.086065,1128.086065,1128.086065,21.96802764,21.96802764,21.96802764,1106.118038,1106.118038,1106.118038,0,0,0,2617.786379
14-12-2014,1489.842186,102.7266206,5631.835997,1489.842186,1489.842186,1311.310758,1311.310758,1311.310758,203.7542451,203.7542451,203.7542451,1107.556513,1107.556513,1107.556513,0,0,0,2801.152945
15-12-2014,1489.984058,215.2642291,5770.741155,1489.984058,1489.984058,1515.180108,1515.180108,1515.180108,411.5590087,411.5590087,411.5590087,1103.6211,1103.6211,1103.6211,0,0,0,3005.164167
16-12-2014,1490.125931,-194.3081972,5216.245809,1490.125931,1490.125931,922.114341,922.114341,922.114341,-171.2908683,-171.2908683,-171.2908683,1093.405209,1093.405209,1093.405209,0,0,0,2412.240272
17-12-2014,1490.267803,-1099.350046,4082.438258,1490.267803,1490.267803,34.63197625,34.63197625,34.63197625,-1041.47232,-1041.47232,-1041.47232,1076.104296,1076.104296,1076.104296,0,0,0,1524.899779
19-12-2014,1490.551548,303.7501031,5433.601372,1490.551548,1490.551548,1437.417306,1437.417306,1437.417306,419.7405272,419.7405272,419.7405272,1017.676779,1017.676779,1017.676779,0,0,0,2927.968854
20-12-2014,1490.69342,-271.8194351,5120.354266,1490.69342,1490.69342,997.6160245,997.6160245,997.6160245,21.96802764,21.96802764,21.96802764,975.6479968,975.6479968,975.6479968,0,0,0,2488.309445
21-12-2014,1490.835292,-204.1514729,5252.964665,1490.835292,1490.835292,1128.515999,1128.515999,1128.515999,203.7542451,203.7542451,203.7542451,924.7617537,924.7617537,924.7617537,0,0,0,2619.351291
22-12-2014,1490.977165,-41.34386936,5487.767763,1490.977165,1490.977165,1276.574265,1276.574265,1276.574265,411.5590087,411.5590087,411.5590087,865.0152563,865.0152563,865.0152563,0,0,0,2767.55143
23-12-2014,1491.119037,-399.1255602,4987.403339,1491.119037,1491.119037,625.3089987,625.3089987,625.3089987,-171.2908683,-171.2908683,-171.2908683,796.599867,796.599867,796.599867,0,0,0,2116.428036
24-12-2014,1491.260909,-1549.593789,3763.300632,1491.260909,1491.260909,-321.5698771,-321.5698771,-321.5698771,-1041.47232,-1041.47232,-1041.47232,719.9024426,719.9024426,719.9024426,0,0,0,1169.691032
26-12-2014,1491.544654,-396.854952,5138.58704,1491.544654,1491.544654,963.902239,963.902239,963.902239,419.7405272,419.7405272,419.7405272,544.1617119,544.1617119,544.1617119,0,0,0,2455.446893
27-12-2014,1491.686526,-1020.832616,4519.695945,1491.686526,1491.686526,468.7843169,468.7843169,468.7843169,21.96802764,21.96802764,21.96802764,446.8162893,446.8162893,446.8162893,0,0,0,1960.470843
28-12-2014,1491.828399,-800.9983031,4565.12305,1491.828399,1491.828399,548.3092849,548.3092849,548.3092849,203.7542451,203.7542451,203.7542451,344.5550398,344.5550398,344.5550398,0,0,0,2040.137684
29-12-2014,1491.970271,-409.9534558,4924.767075,1491.970271,1491.970271,650.159866,650.159866,650.159866,411.5590087,411.5590087,411.5590087,238.6008572,238.6008572,238.6008572,0,0,0,2142.130137
30-12-2014,1492.112143,-1242.367463,4299.497083,1492.112143,1492.112143,-41.00525073,-41.00525073,-41.00525073,-171.2908683,-171.2908683,-171.2908683,130.2856175,130.2856175,130.2856175,0,0,0,1451.106893
31-12-2014,1492.254016,-2301.069075,3321.679099,1492.254016,1492.254016,-1020.449823,-1020.449823,-1020.449823,-1041.47232,-1041.47232,-1041.47232,21.02249658,21.02249658,21.02249658,0,0,0,471.8041926
02-01-2015,1492.53776,-942.7465244,4548.094772,1492.53776,1492.53776,225.269695,225.269695,225.269695,419.7405272,419.7405272,419.7405272,-194.4708322,-194.4708322,-194.4708322,0,0,0,1717.807455
03-01-2015,1492.679633,-1505.531994,3973.992463,1492.679633,1492.679633,-275.7796102,-275.7796102,-275.7796102,21.96802764,21.96802764,21.96802764,-297.7476378,-297.7476378,-297.7476378,0,0,0,1216.900022
04-01-2015,1492.821505,-1553.902318,3961.16176,1492.821505,1492.821505,-192.3774511,-192.3774511,-192.3774511,203.7542451,203.7542451,203.7542451,-396.1316963,-396.1316963,-396.1316963,0,0,0,1300.444054
05-01-2015,1492.963377,-1265.193633,4168.497803,1492.963377,1492.963377,-76.7207237,-76.7207237,-76.7207237,411.5590087,411.5590087,411.5590087,-488.2797324,-488.2797324,-488.2797324,0,0,0,1416.242654
06-01-2015,1493.10525,-1829.136864,3494.86885,1493.10525,1493.10525,-744.2503004,-744.2503004,-744.2503004,-171.2908683,-171.2908683,-171.2908683,-572.9594321,-572.9594321,-572.9594321,0,0,0,748.8549492
09-01-2015,1493.530867,-1467.23253,3774.992754,1493.530867,1493.530867,-352.3823703,-352.3823703,-352.3823703,419.7405272,419.7405272,419.7405272,-772.1228975,-772.1228975,-772.1228975,0,0,0,1141.148496
10-01-2015,1493.672739,-2055.849905,3361.927534,1493.672739,1493.672739,-795.8156643,-795.8156643,-795.8156643,21.96802764,21.96802764,21.96802764,-817.7836919,-817.7836919,-817.7836919,0,0,0,697.8570746
12-01-2015,1493.956484,-1898.522855,3761.966496,1493.956484,1493.956484,-464.3033883,-464.3033883,-464.3033883,411.5590087,411.5590087,411.5590087,-875.862397,-875.862397,-875.862397,0,0,0,1029.653095
13-01-2015,1494.098356,-2132.711963,3306.944948,1494.098356,1494.098356,-1059.656789,-1059.656789,-1059.656789,-171.2908683,-171.2908683,-171.2908683,-888.3659204,-888.3659204,-888.3659204,0,0,0,434.4415672
17-01-2015,1494.665845,-2174.588604,3277.715268,1494.665845,1494.665845,-817.8795622,-817.8795622,-817.8795622,21.96802764,21.96802764,21.96802764,-839.8475899,-839.8475899,-839.8475899,0,0,0,676.7862829
19-01-2015,1494.94959,-1673.873398,3889.833947,1494.94959,1494.94959,-358.4261064,-358.4261064,-358.4261064,411.5590087,411.5590087,411.5590087,-769.9851151,-769.9851151,-769.9851151,0,0,0,1136.523483
23-01-2015,1495.517079,-1374.525318,4115.600978,1495.517079,1495.517079,-174.0739574,-174.0739574,-174.0739574,419.7405272,419.7405272,419.7405272,-593.8144846,-593.8144846,-593.8144846,0,0,0,1321.443122
24-01-2015,1495.658952,-1643.687219,3629.745722,1495.658952,1495.658952,-529.342659,-529.342659,-529.342659,21.96802764,21.96802764,21.96802764,-551.3106866,-551.3106866,-551.3106866,0,0,0,966.3162926
26-01-2015,1495.942696,-1144.511008,4275.82947,1495.942696,1495.942696,-67.19387295,-67.19387295,-67.19387295,411.5590087,411.5590087,411.5590087,-478.7528817,-478.7528817,-478.7528817,0,0,0,1428.748824
27-01-2015,1496.084569,-1823.588382,3809.967713,1496.084569,1496.084569,-622.6357102,-622.6357102,-622.6357102,-171.2908683,-171.2908683,-171.2908683,-451.344842,-451.344842,-451.344842,0,0,0,873.4488587
28-01-2015,1496.226441,-2437.076923,2892.265942,1496.226441,1496.226441,-1472.826326,-1472.826326,-1472.826326,-1041.47232,-1041.47232,-1041.47232,-431.3540067,-431.3540067,-431.3540067,0,0,0,23.40011507
30-01-2015,1496.510186,-1256.531011,4279.099884,1496.510186,1496.510186,2.77828668,2.77828668,2.77828668,419.7405272,419.7405272,419.7405272,-416.9622405,-416.9622405,-416.9622405,0,0,0,1499.288473
31-01-2015,1496.652059,-1647.320781,3695.627227,1496.652059,1496.652059,-401.6978069,-401.6978069,-401.6978069,21.96802764,21.96802764,21.96802764,-423.6658345,-423.6658345,-423.6658345,0,0,0,1094.954252
03-02-2015,1497.077676,-1992.212189,3598.54987,1497.077676,1497.077676,-672.110598,-672.110598,-672.110598,-171.2908683,-171.2908683,-171.2908683,-500.8197297,-500.8197297,-500.8197297,0,0,0,824.9670782
06-02-2015,1497.503294,-1545.76377,4091.083138,1497.503294,1497.503294,-234.4433495,-234.4433495,-234.4433495,419.7405272,419.7405272,419.7405272,-654.1838767,-654.1838767,-654.1838767,0,0,0,1263.059944
07-02-2015,1497.645166,-1785.897143,3566.037865,1497.645166,1497.645166,-696.0057878,-696.0057878,-696.0057878,21.96802764,21.96802764,21.96802764,-717.9738155,-717.9738155,-717.9738155,0,0,0,801.6393782
08-02-2015,1497.787038,-1998.073525,3562.480329,1497.787038,1497.787038,-582.1515739,-582.1515739,-582.1515739,203.7542451,203.7542451,203.7542451,-785.905819,-785.905819,-785.905819,0,0,0,915.6354646
09-02-2015,1497.928911,-1537.787335,4002.423162,1497.928911,1497.928911,-444.8781771,-444.8781771,-444.8781771,411.5590087,411.5590087,411.5590087,-856.4371858,-856.4371858,-856.4371858,0,0,0,1053.050734
10-02-2015,1498.070783,-2066.556168,3154.864158,1498.070783,1498.070783,-1099.211945,-1099.211945,-1099.211945,-171.2908683,-171.2908683,-171.2908683,-927.9210764,-927.9210764,-927.9210764,0,0,0,398.8588387
14-02-2015,1498.638273,-2412.231428,3086.315322,1498.638273,1498.638273,-1166.984181,-1166.984181,-1166.984181,21.96802764,21.96802764,21.96802764,-1188.952209,-1188.952209,-1188.952209,0,0,0,331.6540918
15-02-2015,1498.780146,-2340.666953,3075.121584,1498.780146,1498.780146,-1035.806608,-1035.806608,-1035.806608,203.7542451,203.7542451,203.7542451,-1239.560854,-1239.560854,-1239.560854,0,0,0,462.9735372
16-02-2015,1498.922018,-1933.444579,3426.387204,1498.922018,1498.922018,-869.6749754,-869.6749754,-869.6749754,411.5590087,411.5590087,411.5590087,-1281.233984,-1281.233984,-1281.233984,0,0,0,629.2470428
18-02-2015,1499.205763,-3624.976291,1829.912665,1499.205763,1499.205763,-2374.28491,-2374.28491,-2374.28491,-1041.47232,-1041.47232,-1041.47232,-1332.812591,-1332.812591,-1332.812591,0,0,0,-875.0791471
20-02-2015,1499.489508,-2236.012508,3172.939666,1499.489508,1499.489508,-916.1146312,-916.1146312,-916.1146312,419.7405272,419.7405272,419.7405272,-1335.855158,-1335.855158,-1335.855158,0,0,0,583.3748769
21-02-2015,1499.63138,-2700.207751,2820.754223,1499.63138,1499.63138,-1295.787877,-1295.787877,-1295.787877,21.96802764,21.96802764,21.96802764,-1317.755905,-1317.755905,-1317.755905,0,0,0,203.8435032
22-02-2015,1499.773253,-2286.111645,3186.45998,1499.773253,1499.773253,-1082.584216,-1082.584216,-1082.584216,203.7542451,203.7542451,203.7542451,-1286.338461,-1286.338461,-1286.338461,0,0,0,417.1890374
23-02-2015,1499.915125,-1868.669999,3557.766009,1499.915125,1499.915125,-830.2015315,-830.2015315,-830.2015315,411.5590087,411.5590087,411.5590087,-1241.76054,-1241.76054,-1241.76054,0,0,0,669.7135939
25-02-2015,1500.19887,-3464.574203,2243.825261,1500.19887,1500.19887,-2156.553116,-2156.553116,-2156.553116,-1041.47232,-1041.47232,-1041.47232,-1115.080796,-1115.080796,-1115.080796,0,0,0,-656.3542456
27-02-2015,1500.482615,-1622.122954,3580.247634,1500.482615,1500.482615,-524.3839505,-524.3839505,-524.3839505,419.7405272,419.7405272,419.7405272,-944.1244776,-944.1244776,-944.1244776,0,0,0,976.0986648
28-02-2015,1500.624488,-2063.624894,3324.817393,1500.624488,1500.624488,-823.068588,-823.068588,-823.068588,21.96802764,21.96802764,21.96802764,-845.0366156,-845.0366156,-845.0366156,0,0,0,677.5558997
01-03-2015,1500.76636,-1790.290407,3777.45471,1500.76636,1500.76636,-535.0927187,-535.0927187,-535.0927187,203.7542451,203.7542451,203.7542451,-738.8469639,-738.8469639,-738.8469639,0,0,0,965.6736414
02-03-2015,1500.908233,-1531.976709,3940.858914,1500.908233,1500.908233,-215.6549585,-215.6549585,-215.6549585,411.5590087,411.5590087,411.5590087,-627.2139672,-627.2139672,-627.2139672,0,0,0,1285.253274
05-03-2015,1501.33385,-1422.845798,4146.281959,1501.33385,1501.33385,-121.7968362,-121.7968362,-121.7968362,155.7413792,155.7413792,155.7413792,-277.5382154,-277.5382154,-277.5382154,0,0,0,1379.537014
06-03-2015,1501.475722,-905.9549043,4471.345647,1501.475722,1501.475722,257.5601885,257.5601885,257.5601885,419.7405272,419.7405272,419.7405272,-162.1803386,-162.1803386,-162.1803386,0,0,0,1759.035911
07-03-2015,1501.617595,-1036.713886,4298.594597,1501.617595,1501.617595,-28.46519837,-28.46519837,-28.46519837,21.96802764,21.96802764,21.96802764,-50.43322601,-50.43322601,-50.43322601,0,0,0,1473.152397
08-03-2015,1501.759467,-976.5267299,4568.09553,1501.759467,1501.759467,259.7615769,259.7615769,259.7615769,203.7542451,203.7542451,203.7542451,56.0073318,56.0073318,56.0073318,0,0,0,1761.521044
09-03-2015,1501.90134,-649.0579932,4716.255819,1501.90134,1501.90134,567.1270566,567.1270566,567.1270566,411.5590087,411.5590087,411.5590087,155.5680479,155.5680479,155.5680479,0,0,0,2069.028396
10-03-2015,1502.043212,-1305.709263,4178.302279,1502.043212,1502.043212,75.538178,75.538178,75.538178,-171.2908683,-171.2908683,-171.2908683,246.8290463,246.8290463,246.8290463,0,0,0,1577.58139
12-03-2015,1502.326957,-730.2971876,4695.938188,1502.326957,1502.326957,555.4383766,555.4383766,555.4383766,155.7413792,155.7413792,155.7413792,399.6969974,399.6969974,399.6969974,0,0,0,2057.765334
13-03-2015,1502.46883,-407.7421697,5043.554346,1502.46883,1502.46883,879.1919731,879.1919731,879.1919731,419.7405272,419.7405272,419.7405272,459.451446,459.451446,459.451446,0,0,0,2381.660803
14-03-2015,1502.610702,-866.2128603,4854.965718,1502.610702,1502.610702,529.1990857,529.1990857,529.1990857,21.96802764,21.96802764,21.96802764,507.2310581,507.2310581,507.2310581,0,0,0,2031.809788
15-03-2015,1502.752575,-377.4671995,4943.958648,1502.752575,1502.752575,746.446579,746.446579,746.446579,203.7542451,203.7542451,203.7542451,542.6923339,542.6923339,542.6923339,0,0,0,2249.199154
16-03-2015,1502.894447,-283.1681601,5271.665652,1502.894447,1502.894447,977.2917123,977.2917123,977.2917123,411.5590087,411.5590087,411.5590087,565.7327036,565.7327036,565.7327036,0,0,0,2480.186159
17-03-2015,1503.03632,-523.9010579,4658.551957,1503.03632,1503.03632,405.1954531,405.1954531,405.1954531,-171.2908683,-171.2908683,-171.2908683,576.4863214,576.4863214,576.4863214,0,0,0,1908.231773
19-03-2015,1503.320064,-351.422733,5083.204317,1503.320064,1503.320064,718.5330699,718.5330699,718.5330699,155.7413792,155.7413792,155.7413792,562.7916907,562.7916907,562.7916907,0,0,0,2221.853134
20-03-2015,1503.461937,-332.5198083,5216.170875,1503.461937,1503.461937,959.4262471,959.4262471,959.4262471,419.7405272,419.7405272,419.7405272,539.6857199,539.6857199,539.6857199,0,0,0,2462.888184
21-03-2015,1503.603809,-782.5728606,4877.837499,1503.603809,1503.603809,528.9037485,528.9037485,528.9037485,21.96802764,21.96802764,21.96802764,506.9357208,506.9357208,506.9357208,0,0,0,2032.507558
22-03-2015,1503.749249,-509.6522737,4808.670443,1503.749249,1503.749249,669.3797487,669.3797487,669.3797487,203.7542451,203.7542451,203.7542451,465.6255035,465.6255035,465.6255035,0,0,0,2173.128997
23-03-2015,1503.894688,-636.941888,4913.163525,1503.894688,1503.894688,828.5138145,828.5138145,828.5138145,411.5590087,411.5590087,411.5590087,416.9548057,416.9548057,416.9548057,0,0,0,2332.408502
24-03-2015,1504.040127,-1177.017264,4521.407619,1504.040127,1504.040127,190.9177341,190.9177341,190.9177341,-171.2908683,-171.2908683,-171.2908683,362.2086023,362.2086023,362.2086023,0,0,0,1694.957861
26-03-2015,1504.331005,-843.1346522,4555.16156,1504.331005,1504.331005,395.6063253,395.6063253,395.6063253,155.7413792,155.7413792,155.7413792,239.8649461,239.8649461,239.8649461,0,0,0,1899.937331
27-03-2015,1504.476445,-554.1603301,4799.972571,1504.476445,1504.476445,594.7177799,594.7177799,594.7177799,419.7405272,419.7405272,419.7405272,174.9772528,174.9772528,174.9772528,0,0,0,2099.194225
28-03-2015,1504.621884,-1227.829059,4570.237787,1504.621884,1504.621884,131.3398776,131.3398776,131.3398776,21.96802764,21.96802764,21.96802764,109.3718499,109.3718499,109.3718499,0,0,0,1635.961761
29-03-2015,1504.767323,-855.3118199,4487.357549,1504.767323,1504.767323,248.044072,248.044072,248.044072,203.7542451,203.7542451,203.7542451,44.28982683,44.28982683,44.28982683,0,0,0,1752.811395
30-03-2015,1504.912762,-726.1609635,4595.034363,1504.912762,1504.912762,392.4372112,392.4372112,392.4372112,411.5590087,411.5590087,411.5590087,-19.12179756,-19.12179756,-19.12179756,0,0,0,1897.349973
31-03-2015,1505.058201,-1547.443235,3922.983874,1505.058201,1505.058201,-251.1233092,-251.1233092,-251.1233092,-171.2908683,-171.2908683,-171.2908683,-79.83244094,-79.83244094,-79.83244094,0,0,0,1253.934892
02-04-2015,1505.34908,-1214.533986,4048.524085,1505.34908,1505.34908,-33.97731267,-33.97731267,-33.97731267,155.7413792,155.7413792,155.7413792,-189.7186919,-189.7186919,-189.7186919,0,0,0,1471.371767
04-04-2015,1505.639958,-1489.834191,3952.377973,1505.639958,1505.639958,-258.0918,-258.0918,-258.0918,21.96802764,21.96802764,21.96802764,-280.0598277,-280.0598277,-280.0598277,0,0,0,1247.548158
05-04-2015,1505.785398,-1282.728419,4093.062538,1505.785398,1505.785398,-113.2027701,-113.2027701,-113.2027701,203.7542451,203.7542451,203.7542451,-316.9570152,-316.9570152,-316.9570152,0,0,0,1392.582627
06-04-2015,1505.930837,-1057.424147,4183.779024,1505.930837,1505.930837,63.39226432,63.39226432,63.39226432,411.5590087,411.5590087,411.5590087,-348.1667444,-348.1667444,-348.1667444,0,0,0,1569.323101
07-04-2015,1506.076276,-1875.881374,3581.760013,1506.076276,1506.076276,-545.0494587,-545.0494587,-545.0494587,-171.2908683,-171.2908683,-171.2908683,-373.7585904,-373.7585904,-373.7585904,0,0,0,961.0268173
09-04-2015,1506.367154,-1563.610937,4023.627971,1506.367154,1506.367154,-253.3432701,-253.3432701,-253.3432701,155.7413792,155.7413792,155.7413792,-409.0846493,-409.0846493,-409.0846493,0,0,0,1253.023884
10-04-2015,1506.512594,-1152.977349,4357.733373,1506.512594,1506.512594,0.110909485,0.110909485,0.110909485,419.7405272,419.7405272,419.7405272,-419.6296177,-419.6296177,-419.6296177,0,0,0,1506.623503
11-04-2015,1506.658033,-1642.556233,3931.02666,1506.658033,1506.658033,-404.1730995,-404.1730995,-404.1730995,21.96802764,21.96802764,21.96802764,-426.1411272,-426.1411272,-426.1411272,0,0,0,1102.484933
12-04-2015,1506.803472,-1564.026943,4178.666032,1506.803472,1506.803472,-225.4960074,-225.4960074,-225.4960074,203.7542451,203.7542451,203.7542451,-429.2502526,-429.2502526,-429.2502526,0,0,0,1281.307465
13-04-2015,1506.948911,-1541.419277,4148.987692,1506.948911,1506.948911,-18.07974643,-18.07974643,-18.07974643,411.5590087,411.5590087,411.5590087,-429.6387552,-429.6387552,-429.6387552,0,0,0,1488.869165
14-04-2015,1507.09435,-1988.433923,3340.666513,1507.09435,1507.09435,-599.3067197,-599.3067197,-599.3067197,-171.2908683,-171.2908683,-171.2908683,-428.0158514,-428.0158514,-428.0158514,0,0,0,907.7876307
16-04-2015,1507.385229,-1535.479157,4109.433064,1507.385229,1507.385229,-265.8307504,-265.8307504,-265.8307504,155.7413792,155.7413792,155.7413792,-421.5721296,-421.5721296,-421.5721296,0,0,0,1241.554478
17-04-2015,1507.530668,-1347.461078,4200.108178,1507.530668,1507.530668,1.637007714,1.637007714,1.637007714,419.7405272,419.7405272,419.7405272,-418.1035194,-418.1035194,-418.1035194,0,0,0,1509.167676
18-04-2015,1507.676107,-1817.063631,3695.488367,1507.676107,1507.676107,-393.3198126,-393.3198126,-393.3198126,21.96802764,21.96802764,21.96802764,-415.2878403,-415.2878403,-415.2878403,0,0,0,1114.356295
19-04-2015,1507.821546,-1444.906781,3746.46483,1507.821546,1507.821546,-209.894621,-209.894621,-209.894621,203.7542451,203.7542451,203.7542451,-413.6488662,-413.6488662,-413.6488662,0,0,0,1297.926925
20-04-2015,1507.966986,-1277.814121,4048.288053,1507.966986,1507.966986,-2.062627252,-2.062627252,-2.062627252,411.5590087,411.5590087,411.5590087,-413.621636,-413.621636,-413.621636,0,0,0,1505.904358
21-04-2015,1508.112425,-1809.536645,3599.068481,1508.112425,1508.112425,-586.8324537,-586.8324537,-586.8324537,-171.2908683,-171.2908683,-171.2908683,-415.5415854,-415.5415854,-415.5415854,0,0,0,921.2799712
22-04-2015,1508.257864,-2732.253611,2819.698012,1508.257864,1508.257864,-1461.109304,-1461.109304,-1461.109304,-1041.47232,-1041.47232,-1041.47232,-419.6369842,-419.6369842,-419.6369842,0,0,0,47.14856023
24-04-2015,1508.548742,-1257.146799,4224.539082,1508.548742,1508.548742,-14.96951925,-14.96951925,-14.96951925,419.7405272,419.7405272,419.7405272,-434.7100464,-434.7100464,-434.7100464,0,0,0,1493.579223
25-04-2015,1508.694182,-1756.473319,3610.550844,1508.694182,1508.694182,-423.6204223,-423.6204223,-423.6204223,21.96802764,21.96802764,21.96802764,-445.58845,-445.58845,-445.58845,0,0,0,1085.073759
26-04-2015,1508.839621,-1398.376411,4081.84209,1508.839621,1508.839621,-254.6981904,-254.6981904,-254.6981904,203.7542451,203.7542451,203.7542451,-458.4524356,-458.4524356,-458.4524356,0,0,0,1254.14143
27-04-2015,1508.98506,-1349.595221,4116.125094,1508.98506,1508.98506,-61.44101056,-61.44101056,-61.44101056,411.5590087,411.5590087,411.5590087,-473.0000193,-473.0000193,-473.0000193,0,0,0,1447.54405
28-04-2015,1509.130499,-1976.598119,3516.999027,1509.130499,1509.130499,-660.137249,-660.137249,-660.137249,-171.2908683,-171.2908683,-171.2908683,-488.8463807,-488.8463807,-488.8463807,0,0,0,848.9932503
29-04-2015,1509.275939,-2708.994628,2537.446735,1509.275939,1509.275939,-1547.010008,-1547.010008,-1547.010008,-1041.47232,-1041.47232,-1041.47232,-505.5376886,-505.5376886,-505.5376886,0,0,0,-37.73406965
30-04-2015,1509.421378,-1573.58066,3700.86947,1509.421378,1509.421378,-366.8253586,-366.8253586,-366.8253586,155.7413792,155.7413792,155.7413792,-522.5667378,-522.5667378,-522.5667378,0,0,0,1142.596019
01-05-2015,1509.566817,-1279.9268,4227.819746,1509.566817,1509.566817,-119.6493815,-119.6493815,-119.6493815,419.7405272,419.7405272,419.7405272,-539.3899087,-539.3899087,-539.3899087,0,0,0,1389.917435
02-05-2015,1509.712256,-1789.523754,3823.508071,1509.712256,1509.712256,-533.4769057,-533.4769057,-533.4769057,21.96802764,21.96802764,21.96802764,-555.4449333,-555.4449333,-555.4449333,0,0,0,976.2353505
03-05-2015,1509.857695,-1435.524112,4017.765588,1509.857695,1509.857695,-366.4146971,-366.4146971,-366.4146971,203.7542451,203.7542451,203.7542451,-570.1689423,-570.1689423,-570.1689423,0,0,0,1143.442998
04-05-2015,1510.003135,-1368.521865,3883.671723,1510.003135,1510.003135,-171.4572592,-171.4572592,-171.4572592,411.5590087,411.5590087,411.5590087,-583.016268,-583.016268,-583.016268,0,0,0,1338.545875
07-05-2015,1510.439452,-1510.504515,3762.828869,1510.439452,1510.439452,-449.7072513,-449.7072513,-449.7072513,155.7413792,155.7413792,155.7413792,-605.4486305,-605.4486305,-605.4486305,0,0,0,1060.732201
08-05-2015,1510.598279,-1573.476825,4052.197794,1510.598279,1510.598279,-186.5042851,-186.5042851,-186.5042851,419.7405272,419.7405272,419.7405272,-606.2448122,-606.2448122,-606.2448122,0,0,0,1324.093994
09-05-2015,1510.757106,-1946.017653,3580.491969,1510.757106,1510.757106,-581.2713862,-581.2713862,-581.2713862,21.96802764,21.96802764,21.96802764,-603.2394138,-603.2394138,-603.2394138,0,0,0,929.4857199
10-05-2015,1510.915933,-1735.014058,3714.356136,1510.915933,1510.915933,-392.5371991,-392.5371991,-392.5371991,203.7542451,203.7542451,203.7542451,-596.2914442,-596.2914442,-596.2914442,0,0,0,1118.378734
11-05-2015,1511.07476,-1343.559412,4145.716142,1511.07476,1511.07476,-173.7988441,-173.7988441,-173.7988441,411.5590087,411.5590087,411.5590087,-585.3578528,-585.3578528,-585.3578528,0,0,0,1337.275916
12-05-2015,1511.233587,-2113.641098,3278.711634,1511.233587,1511.233587,-741.7860723,-741.7860723,-741.7860723,-171.2908683,-171.2908683,-171.2908683,-570.4952041,-570.4952041,-570.4952041,0,0,0,769.4475146
13-05-2015,1511.392414,-2643.142792,2666.99709,1511.392414,1511.392414,-1593.330854,-1593.330854,-1593.330854,-1041.47232,-1041.47232,-1041.47232,-551.8585348,-551.8585348,-551.8585348,0,0,0,-81.93844046
14-05-2015,1511.551241,-1700.17955,3974.683627,1511.551241,1511.551241,-373.9560941,-373.9560941,-373.9560941,155.7413792,155.7413792,155.7413792,-529.6974733,-529.6974733,-529.6974733,0,0,0,1137.595147
15-05-2015,1511.710068,-1320.823388,4367.717126,1511.710068,1511.710068,-84.60924965,-84.60924965,-84.60924965,419.7405272,419.7405272,419.7405272,-504.3497768,-504.3497768,-504.3497768,0,0,0,1427.100818
16-05-2015,1511.868895,-1922.132965,3774.10994,1511.868895,1511.868895,-454.2644833,-454.2644833,-454.2644833,21.96802764,21.96802764,21.96802764,-476.232511,-476.232511,-476.232511,0,0,0,1057.604411
17-05-2015,1512.027722,-1499.971127,4125.240836,1512.027722,1512.027722,-242.0769144,-242.0769144,-242.0769144,203.7542451,203.7542451,203.7542451,-445.8311596,-445.8311596,-445.8311596,0,0,0,1269.950807
18-05-2015,1512.186549,-1143.698869,4326.394757,1512.186549,1512.186549,-2.127994252,-2.127994252,-2.127994252,411.5590087,411.5590087,411.5590087,-413.687003,-413.687003,-413.687003,0,0,0,1510.058554
20-05-2015,1512.504203,-2540.437671,2863.028524,1512.504203,1512.504203,-1388.00193,-1388.00193,-1388.00193,-1041.47232,-1041.47232,-1041.47232,-346.5296101,-346.5296101,-346.5296101,0,0,0,124.5022729
21-05-2015,1512.66303,-1488.17122,3867.302879,1512.66303,1512.66303,-157.0065307,-157.0065307,-157.0065307,155.7413792,155.7413792,155.7413792,-312.7479099,-312.7479099,-312.7479099,0,0,0,1355.656499
22-05-2015,1512.821857,-1263.053776,4475.092758,1512.821857,1512.821857,140.0849632,140.0849632,140.0849632,419.7405272,419.7405272,419.7405272,-279.655564,-279.655564,-279.655564,0,0,0,1652.90682
23-05-2015,1512.980684,-1563.469486,4044.251693,1512.980684,1512.980684,-225.882925,-225.882925,-225.882925,21.96802764,21.96802764,21.96802764,-247.8509527,-247.8509527,-247.8509527,0,0,0,1287.097758
24-05-2015,1513.13951,-1087.631202,4187.238474,1513.13951,1513.13951,-14.14469629,-14.14469629,-14.14469629,203.7542451,203.7542451,203.7542451,-217.8989414,-217.8989414,-217.8989414,0,0,0,1498.994814
25-05-2015,1513.298337,-1055.083475,4361.460523,1513.298337,1513.298337,221.2413641,221.2413641,221.2413641,411.5590087,411.5590087,411.5590087,-190.3176446,-190.3176446,-190.3176446,0,0,0,1734.539702
26-05-2015,1513.457164,-1650.978004,3931.595741,1513.457164,1513.457164,-336.857538,-336.857538,-336.857538,-171.2908683,-171.2908683,-171.2908683,-165.5666698,-165.5666698,-165.5666698,0,0,0,1176.599626
28-05-2015,1513.774818,-918.1652652,4435.89061,1513.774818,1513.774818,29.69771133,29.69771133,29.69771133,155.7413792,155.7413792,155.7413792,-126.0436679,-126.0436679,-126.0436679,0,0,0,1543.47253
29-05-2015,1513.933645,-882.5037007,4466.518486,1513.933645,1513.933645,307.9218925,307.9218925,307.9218925,419.7405272,419.7405272,419.7405272,-111.8186347,-111.8186347,-111.8186347,0,0,0,1821.855538
30-05-2015,1514.092472,-1455.980308,4133.566134,1514.092472,1514.092472,-79.54055058,-79.54055058,-79.54055058,21.96802764,21.96802764,21.96802764,-101.5085782,-101.5085782,-101.5085782,0,0,0,1434.551922
31-05-2015,1514.251299,-1098.036458,4234.077696,1514.251299,1514.251299,108.5812115,108.5812115,108.5812115,203.7542451,203.7542451,203.7542451,-95.17303369,-95.17303369,-95.17303369,0,0,0,1622.832511
01-06-2015,1514.410126,-863.2117546,4578.176289,1514.410126,1514.410126,318.7733902,318.7733902,318.7733902,411.5590087,411.5590087,411.5590087,-92.7856185,-92.7856185,-92.7856185,0,0,0,1833.183516
04-06-2015,1514.886607,-1009.327822,4256.12543,1514.886607,1514.886607,47.8983304,47.8983304,47.8983304,155.7413792,155.7413792,155.7413792,-107.8430488,-107.8430488,-107.8430488,0,0,0,1562.784937
05-06-2015,1515.045434,-959.55844,4674.599032,1515.045434,1515.045434,300.3173496,300.3173496,300.3173496,419.7405272,419.7405272,419.7405272,-119.4231776,-119.4231776,-119.4231776,0,0,0,1815.362784
07-06-2015,1515.363088,-1223.430298,4320.726454,1515.363088,1515.363088,53.44858384,53.44858384,53.44858384,203.7542451,203.7542451,203.7542451,-150.3056613,-150.3056613,-150.3056613,0,0,0,1568.811672
08-06-2015,1515.521915,-938.2175615,4467.827742,1515.521915,1515.521915,242.7966522,242.7966522,242.7966522,411.5590087,411.5590087,411.5590087,-168.7623565,-168.7623565,-168.7623565,0,0,0,1758.318567
09-06-2015,1515.680742,-1595.904169,3937.823275,1515.680742,1515.680742,-359.9214179,-359.9214179,-359.9214179,-171.2908683,-171.2908683,-171.2908683,-188.6305496,-188.6305496,-188.6305496,0,0,0,1155.759324
11-06-2015,1515.998396,-1304.128508,4324.585756,1515.998396,1515.998396,-75.03820878,-75.03820878,-75.03820878,155.7413792,155.7413792,155.7413792,-230.779588,-230.779588,-230.779588,0,0,0,1440.960187
12-06-2015,1516.157223,-1036.389916,4062.666139,1516.157223,1516.157223,167.5614123,167.5614123,167.5614123,419.7405272,419.7405272,419.7405272,-252.1791149,-252.1791149,-252.1791149,0,0,0,1683.718635
13-06-2015,1516.31605,-1465.352719,4144.528787,1516.31605,1516.31605,-251.2803812,-251.2803812,-251.2803812,21.96802764,21.96802764,21.96802764,-273.2484088,-273.2484088,-273.2484088,0,0,0,1265.035668
14-06-2015,1516.474877,-1364.312522,4009.024423,1516.474877,1516.474877,-89.86724078,-89.86724078,-89.86724078,203.7542451,203.7542451,203.7542451,-293.6214859,-293.6214859,-293.6214859,0,0,0,1426.607636
15-06-2015,1516.633704,-1183.015622,4074.33314,1516.633704,1516.633704,98.58224418,98.58224418,98.58224418,411.5590087,411.5590087,411.5590087,-312.9767646,-312.9767646,-312.9767646,0,0,0,1615.215948
16-06-2015,1516.792531,-1709.730673,3666.646648,1516.792531,1516.792531,-502.3336421,-502.3336421,-502.3336421,-171.2908683,-171.2908683,-171.2908683,-331.0427739,-331.0427739,-331.0427739,0,0,0,1014.458888
18-06-2015,1517.110184,-1393.836295,3861.240695,1517.110184,1517.110184,-206.752616,-206.752616,-206.752616,155.7413792,155.7413792,155.7413792,-362.4939952,-362.4939952,-362.4939952,0,0,0,1310.357568
19-06-2015,1517.269011,-1181.943772,4305.844071,1517.269011,1517.269011,44.12630505,44.12630505,44.12630505,419.7405272,419.7405272,419.7405272,-375.6142221,-375.6142221,-375.6142221,0,0,0,1561.395316
20-06-2015,1517.427838,-1719.895635,3980.871621,1517.427838,1517.427838,-364.9465451,-364.9465451,-364.9465451,21.96802764,21.96802764,21.96802764,-386.9145728,-386.9145728,-386.9145728,0,0,0,1152.481293
21-06-2015,1517.586665,-1417.044834,4211.589464,1517.586665,1517.586665,-192.6455366,-192.6455366,-192.6455366,203.7542451,203.7542451,203.7542451,-396.3997818,-396.3997818,-396.3997818,0,0,0,1324.941129
22-06-2015,1517.745492,-1274.592238,4418.961319,1517.745492,1517.745492,7.435595307,7.435595307,7.435595307,411.5590087,411.5590087,411.5590087,-404.1234134,-404.1234134,-404.1234134,0,0,0,1525.181088
23-06-2015,1517.904319,-1764.108765,3628.399096,1517.904319,1517.904319,-581.473302,-581.473302,-581.473302,-171.2908683,-171.2908683,-171.2908683,-410.1824337,-410.1824337,-410.1824337,0,0,0,936.4310172
25-06-2015,1518.289126,-1599.36321,3973.38233,1518.289126,1518.289126,-262.1306178,-262.1306178,-262.1306178,155.7413792,155.7413792,155.7413792,-417.871997,-417.871997,-417.871997,0,0,0,1256.158508
26-06-2015,1518.48153,-1201.6945,4356.297597,1518.48153,1518.48153,-0.111202062,-0.111202062,-0.111202062,419.7405272,419.7405272,419.7405272,-419.8517292,-419.8517292,-419.8517292,0,0,0,1518.370328
28-06-2015,1518.866337,-1473.863511,3720.718999,1518.866337,1518.866337,-217.3163737,-217.3163737,-217.3163737,203.7542451,203.7542451,203.7542451,-421.0706189,-421.0706189,-421.0706189,0,0,0,1301.549963
29-06-2015,1519.05874,-1272.670435,4128.496551,1519.05874,1519.05874,-9.159865193,-9.159865193,-9.159865193,411.5590087,411.5590087,411.5590087,-420.7188739,-420.7188739,-420.7188739,0,0,0,1509.898875
02-07-2015,1519.635951,-1385.626344,3835.100982,1519.635951,1519.635951,-262.3484999,-262.3484999,-262.3484999,155.7413792,155.7413792,155.7413792,-418.0898791,-418.0898791,-418.0898791,0,0,0,1257.287451
03-07-2015,1519.828354,-1149.938061,4296.130624,1519.828354,1519.828354,2.528848469,2.528848469,2.528848469,419.7405272,419.7405272,419.7405272,-417.2116787,-417.2116787,-417.2116787,0,0,0,1522.357203
04-07-2015,1520.020758,-1753.062873,3863.067977,1520.020758,1520.020758,-394.5610302,-394.5610302,-394.5610302,21.96802764,21.96802764,21.96802764,-416.5290579,-416.5290579,-416.5290579,0,0,0,1125.459728
05-07-2015,1520.213162,-1600.040451,4037.94728,1520.213162,1520.213162,-212.3607289,-212.3607289,-212.3607289,203.7542451,203.7542451,203.7542451,-416.114974,-416.114974,-416.114974,0,0,0,1307.852433
06-07-2015,1520.405565,-1195.378189,4274.704545,1520.405565,1520.405565,-4.451723163,-4.451723163,-4.451723163,411.5590087,411.5590087,411.5590087,-416.0107319,-416.0107319,-416.0107319,0,0,0,1515.953842
08-07-2015,1520.790372,-2781.556083,2812.544069,1520.790372,1520.790372,-1458.215085,-1458.215085,-1458.215085,-1041.47232,-1041.47232,-1041.47232,-416.7427658,-416.7427658,-416.7427658,0,0,0,62.57528671
09-07-2015,1520.982776,-1366.236822,4030.779379,1520.982776,1520.982776,-261.7721397,-261.7721397,-261.7721397,155.7413792,155.7413792,155.7413792,-417.5135189,-417.5135189,-417.5135189,0,0,0,1259.210636
10-07-2015,1521.175179,-1190.500042,4156.175067,1521.175179,1521.175179,1.270986504,1.270986504,1.270986504,419.7405272,419.7405272,419.7405272,-418.4695407,-418.4695407,-418.4695407,0,0,0,1522.446166
11-07-2015,1521.367583,-1681.25011,3842.371813,1521.367583,1521.367583,-397.5550906,-397.5550906,-397.5550906,21.96802764,21.96802764,21.96802764,-419.5231183,-419.5231183,-419.5231183,0,0,0,1123.812492
12-07-2015,1521.559986,-1371.074211,3967.509749,1521.559986,1521.559986,-216.8188554,-216.8188554,-216.8188554,203.7542451,203.7542451,203.7542451,-420.5731005,-420.5731005,-420.5731005,0,0,0,1304.741131
13-07-2015,1521.75239,-1156.915923,4275.549249,1521.75239,1521.75239,-9.951374823,-9.951374823,-9.951374823,411.5590087,411.5590087,411.5590087,-421.5103836,-421.5103836,-421.5103836,0,0,0,1511.801015
14-07-2015,1521.944793,-1878.403029,3680.373562,1521.944793,1521.944793,-593.5144332,-593.5144332,-593.5144332,-171.2908683,-171.2908683,-171.2908683,-422.2235649,-422.2235649,-422.2235649,0,0,0,928.4303601
16-07-2015,1522.3296,-1240.087894,4092.120963,1522.3296,1522.3296,-266.8124618,-266.8124618,-266.8124618,155.7413792,155.7413792,155.7413792,-422.553841,-422.553841,-422.553841,0,0,0,1255.517139
17-07-2015,1522.522004,-1124.815567,4091.716885,1522.522004,1522.522004,-2.24493349,-2.24493349,-2.24493349,419.7405272,419.7405272,419.7405272,-421.9854607,-421.9854607,-421.9854607,0,0,0,1520.27707
18-07-2015,1522.714407,-1610.842914,4014.12599,1522.714407,1522.714407,-398.8630298,-398.8630298,-398.8630298,21.96802764,21.96802764,21.96802764,-420.8310575,-420.8310575,-420.8310575,0,0,0,1123.851378
19-07-2015,1522.906811,-1730.740069,4031.205005,1522.906811,1522.906811,-215.2890498,-215.2890498,-215.2890498,203.7542451,203.7542451,203.7542451,-419.043295,-419.043295,-419.043295,0,0,0,1307.617761
20-07-2015,1523.099214,-1079.657398,4156.235515,1523.099214,1523.099214,-5.039223887,-5.039223887,-5.039223887,411.5590087,411.5590087,411.5590087,-416.5982326,-416.5982326,-416.5982326,0,0,0,1518.059991
23-07-2015,1523.676425,-1414.811713,3875.020642,1523.676425,1523.676425,-249.7093752,-249.7093752,-249.7093752,155.7413792,155.7413792,155.7413792,-405.4507544,-405.4507544,-405.4507544,0,0,0,1273.96705
24-07-2015,1523.868829,-1299.327206,4103.248553,1523.868829,1523.868829,19.11278906,19.11278906,19.11278906,419.7405272,419.7405272,419.7405272,-400.6277381,-400.6277381,-400.6277381,0,0,0,1542.981618
25-07-2015,1524.061232,-1709.539428,3686.269971,1524.061232,1524.061232,-373.4175746,-373.4175746,-373.4175746,21.96802764,21.96802764,21.96802764,-395.3856022,-395.3856022,-395.3856022,0,0,0,1150.643657
26-07-2015,1524.253636,-1477.56508,4126.458259,1524.253636,1524.253636,-186.0751618,-186.0751618,-186.0751618,203.7542451,203.7542451,203.7542451,-389.8294069,-389.8294069,-389.8294069,0,0,0,1338.178474
27-07-2015,1524.446039,-1294.924438,4204.89597,1524.446039,1524.446039,27.48507611,27.48507611,27.48507611,411.5590087,411.5590087,411.5590087,-384.0739326,-384.0739326,-384.0739326,0,0,0,1551.931115
30-07-2015,1525.02325,-1244.878006,3966.597647,1525.02325,1525.02325,-211.0425813,-211.0425813,-211.0425813,155.7413792,155.7413792,155.7413792,-366.7839605,-366.7839605,-366.7839605,0,0,0,1313.980668
31-07-2015,1525.215653,-1153.270533,4106.617614,1525.215653,1525.215653,58.37290282,58.37290282,58.37290282,419.7405272,419.7405272,419.7405272,-361.3676243,-361.3676243,-361.3676243,0,0,0,1583.588556
01-08-2015,1525.408057,-1781.244307,3885.351127,1525.408057,1525.408057,-334.2938061,-334.2938061,-334.2938061,21.96802764,21.96802764,21.96802764,-356.2618338,-356.2618338,-356.2618338,0,0,0,1191.114251
02-08-2015,1525.60046,-1583.568083,3934.277783,1525.60046,1525.60046,-147.7574392,-147.7574392,-147.7574392,203.7542451,203.7542451,203.7542451,-351.5116843,-351.5116843,-351.5116843,0,0,0,1377.843021
05-08-2015,1526.177671,-2517.111508,2861.476428,1526.177671,1526.177671,-1380.805307,-1380.805307,-1380.805307,-1041.47232,-1041.47232,-1041.47232,-339.3329877,-339.3329877,-339.3329877,0,0,0,145.3723635
06-08-2015,1526.370074,-1326.487014,4244.087846,1526.370074,1526.370074,-180.0041839,-180.0041839,-180.0041839,155.7413792,155.7413792,155.7413792,-335.7455631,-335.7455631,-335.7455631,0,0,0,1346.36589
07-08-2015,1526.562478,-1246.520821,4287.69143,1526.562478,1526.562478,87.56253818,87.56253818,87.56253818,419.7405272,419.7405272,419.7405272,-332.177989,-332.177989,-332.177989,0,0,0,1614.125016
08-08-2015,1526.754881,-1467.413605,3868.500865,1526.754881,1526.754881,-306.4670189,-306.4670189,-306.4670189,21.96802764,21.96802764,21.96802764,-328.4350465,-328.4350465,-328.4350465,0,0,0,1220.287863
09-08-2015,1526.947285,-1299.874915,4138.197722,1526.947285,1526.947285,-120.5253356,-120.5253356,-120.5253356,203.7542451,203.7542451,203.7542451,-324.2795807,-324.2795807,-324.2795807,0,0,0,1406.421949
10-08-2015,1527.139688,-1408.580474,4366.675215,1527.139688,1527.139688,92.1233848,92.1233848,92.1233848,411.5590087,411.5590087,411.5590087,-319.4356239,-319.4356239,-319.4356239,0,0,0,1619.263073
11-08-2015,1527.332092,-1691.480862,3778.302776,1527.332092,1527.332092,-484.8837789,-484.8837789,-484.8837789,-171.2908683,-171.2908683,-171.2908683,-313.5929106,-313.5929106,-313.5929106,0,0,0,1042.448313
13-08-2015,1527.716899,-1300.833246,4114.423544,1527.716899,1527.716899,-141.793488,-141.793488,-141.793488,155.7413792,155.7413792,155.7413792,-297.5348672,-297.5348672,-297.5348672,0,0,0,1385.923411
15-08-2015,1528.101706,-1552.250486,4007.77731,1528.101706,1528.101706,-251.2199067,-251.2199067,-251.2199067,21.96802764,21.96802764,21.96802764,-273.1879343,-273.1879343,-273.1879343,0,0,0,1276.881799
16-08-2015,1528.405192,-1122.658496,4244.341942,1528.405192,1528.405192,-53.21416616,-53.21416616,-53.21416616,203.7542451,203.7542451,203.7542451,-256.9684113,-256.9684113,-256.9684113,0,0,0,1475.191026
17-08-2015,1528.708679,-1168.110125,4602.445499,1528.708679,1528.708679,173.9889331,173.9889331,173.9889331,411.5590087,411.5590087,411.5590087,-237.5700757,-237.5700757,-237.5700757,0,0,0,1702.697612
21-08-2015,1529.922624,-1168.35128,4435.419885,1529.922624,1529.922624,297.5903714,297.5903714,297.5903714,419.7405272,419.7405272,419.7405272,-122.1501558,-122.1501558,-122.1501558,0,0,0,1827.512995
22-08-2015,1530.22611,-1181.644042,4231.826362,1530.22611,1530.22611,-60.77376509,-60.77376509,-60.77376509,21.96802764,21.96802764,21.96802764,-82.74179273,-82.74179273,-82.74179273,0,0,0,1469.452345
23-08-2015,1530.529596,-1156.043848,4257.955252,1530.529596,1530.529596,164.8667195,164.8667195,164.8667195,203.7542451,203.7542451,203.7542451,-38.88752566,-38.88752566,-38.88752566,0,0,0,1695.396316
24-08-2015,1530.833082,-701.5380936,4715.244095,1530.833082,1530.833082,420.9565169,420.9565169,420.9565169,411.5590087,411.5590087,411.5590087,9.397508152,9.397508152,9.397508152,0,0,0,1951.789599
25-08-2015,1531.136569,-1312.792327,4112.10859,1531.136569,1531.136569,-109.2740491,-109.2740491,-109.2740491,-171.2908683,-171.2908683,-171.2908683,62.01681918,62.01681918,62.01681918,0,0,0,1421.86252
27-08-2015,1531.743541,-837.498277,4595.58103,1531.743541,1531.743541,335.1902547,335.1902547,335.1902547,155.7413792,155.7413792,155.7413792,179.4488755,179.4488755,179.4488755,0,0,0,1866.933796
28-08-2015,1532.047028,-301.4230678,5099.660682,1532.047028,1532.047028,663.3833701,663.3833701,663.3833701,419.7405272,419.7405272,419.7405272,243.6428429,243.6428429,243.6428429,0,0,0,2195.430398
29-08-2015,1532.350514,-904.9347569,4281.818685,1532.350514,1532.350514,332.9041092,332.9041092,332.9041092,21.96802764,21.96802764,21.96802764,310.9360816,310.9360816,310.9360816,0,0,0,1865.254623
31-08-2015,1532.957486,-486.8439176,5030.379482,1532.957486,1532.957486,864.2472024,864.2472024,864.2472024,411.5590087,411.5590087,411.5590087,452.6881937,452.6881937,452.6881937,0,0,0,2397.204689
01-09-2015,1533.260973,-881.8116404,4738.397483,1533.260973,1533.260973,354.6132117,354.6132117,354.6132117,-171.2908683,-171.2908683,-171.2908683,525.9040799,525.9040799,525.9040799,0,0,0,1887.874184
03-09-2015,1533.867945,-571.4765165,5091.701382,1533.867945,1533.867945,829.2051649,829.2051649,829.2051649,155.7413792,155.7413792,155.7413792,673.4637857,673.4637857,673.4637857,0,0,0,2363.07311
04-09-2015,1534.171431,84.78965161,5420.828633,1534.171431,1534.171431,1165.991816,1165.991816,1165.991816,419.7405272,419.7405272,419.7405272,746.2512885,746.2512885,746.2512885,0,0,0,2700.163247
05-09-2015,1534.474918,-381.5325228,5317.074297,1534.474918,1534.474918,839.2591435,839.2591435,839.2591435,21.96802764,21.96802764,21.96802764,817.2911159,817.2911159,817.2911159,0,0,0,2373.734061
06-09-2015,1534.778404,-71.03185896,5377.536206,1534.778404,1534.778404,1089.505355,1089.505355,1089.505355,203.7542451,203.7542451,203.7542451,885.7511096,885.7511096,885.7511096,0,0,0,2624.283759
07-09-2015,1535.08189,75.86306606,5758.421753,1535.08189,1535.08189,1362.359845,1362.359845,1362.359845,411.5590087,411.5590087,411.5590087,950.8008358,950.8008358,950.8008358,0,0,0,2897.441735
08-09-2015,1535.385376,-481.8409488,5057.43465,1535.385376,1535.385376,840.3341294,840.3341294,840.3341294,-171.2908683,-171.2908683,-171.2908683,1011.624998,1011.624998,1011.624998,0,0,0,2375.719506
10-09-2015,1535.992349,-2.614096413,5342.499758,1535.992349,1535.992349,1273.232253,1273.232253,1273.232253,155.7413792,155.7413792,155.7413792,1117.490874,1117.490874,1117.490874,0,0,0,2809.224602
11-09-2015,1536.295835,298.3833093,6024.070759,1536.295835,1536.295835,1580.836481,1580.836481,1580.836481,419.7405272,419.7405272,419.7405272,1161.095954,1161.095954,1161.095954,0,0,0,3117.132316
12-09-2015,1536.599321,42.87492232,5447.745915,1536.599321,1536.599321,1219.594399,1219.594399,1219.594399,21.96802764,21.96802764,21.96802764,1197.626371,1197.626371,1197.626371,0,0,0,2756.19372
13-09-2015,1536.902808,216.2112626,5523.138625,1536.902808,1536.902808,1430.287111,1430.287111,1430.287111,203.7542451,203.7542451,203.7542451,1226.532866,1226.532866,1226.532866,0,0,0,2967.189919
14-09-2015,1537.206294,502.1768312,6009.397666,1537.206294,1537.206294,1658.911133,1658.911133,1658.911133,411.5590087,411.5590087,411.5590087,1247.352124,1247.352124,1247.352124,0,0,0,3196.117427
15-09-2015,1537.50978,-157.1533281,5102.519846,1537.50978,1537.50978,1088.424144,1088.424144,1088.424144,-171.2908683,-171.2908683,-171.2908683,1259.715012,1259.715012,1259.715012,0,0,0,2625.933924
16-09-2015,1537.813267,-1083.580631,4367.319049,1537.813267,1537.813267,221.8810497,221.8810497,221.8810497,-1041.47232,-1041.47232,-1041.47232,1263.353369,1263.353369,1263.353369,0,0,0,1759.694316
17-09-2015,1538.116753,45.46786438,5574.357249,1538.116753,1538.116753,1413.846644,1413.846644,1413.846644,155.7413792,155.7413792,155.7413792,1258.105265,1258.105265,1258.105265,0,0,0,2951.963397
18-09-2015,1538.420239,333.1777586,5897.463966,1538.420239,1538.420239,1663.659173,1663.659173,1663.659173,419.7405272,419.7405272,419.7405272,1243.918646,1243.918646,1243.918646,0,0,0,3202.079412
19-09-2015,1538.723725,68.44072422,5597.204235,1538.723725,1538.723725,1242.821367,1242.821367,1242.821367,21.96802764,21.96802764,21.96802764,1220.853339,1220.853339,1220.853339,0,0,0,2781.545092
20-09-2015,1539.027212,191.9295662,5693.63904,1539.027212,1539.027212,1392.835659,1392.835659,1392.835659,203.7542451,203.7542451,203.7542451,1189.081414,1189.081414,1189.081414,0,0,0,2931.86287
21-09-2015,1539.330698,366.2003778,5539.537403,1539.330698,1539.330698,1560.44491,1560.44491,1560.44491,411.5590087,411.5590087,411.5590087,1148.885901,1148.885901,1148.885901,0,0,0,3099.775608
22-09-2015,1539.634184,-273.2359966,4967.542256,1539.634184,1539.634184,929.3670779,929.3670779,929.3670779,-171.2908683,-171.2908683,-171.2908683,1100.657946,1100.657946,1100.657946,0,0,0,2469.001262
24-09-2015,1540.241157,-219.5702994,5301.253767,1540.241157,1540.241157,1137.923583,1137.923583,1137.923583,155.7413792,155.7413792,155.7413792,982.1822043,982.1822043,982.1822043,0,0,0,2678.16474
25-09-2015,1540.544643,161.0282531,5687.878191,1540.544643,1540.544643,1332.951478,1332.951478,1332.951478,419.7405272,419.7405272,419.7405272,913.2109507,913.2109507,913.2109507,0,0,0,2873.496121
26-09-2015,1540.848129,-117.5053362,5225.838249,1540.848129,1540.848129,860.7129551,860.7129551,860.7129551,21.96802764,21.96802764,21.96802764,838.7449275,838.7449275,838.7449275,0,0,0,2401.561084
27-09-2015,1541.151615,-263.0946908,5380.962532,1541.151615,1541.151615,963.3778502,963.3778502,963.3778502,203.7542451,203.7542451,203.7542451,759.623605,759.623605,759.623605,0,0,0,2504.529466
28-09-2015,1541.455102,-161.4662905,5395.191794,1541.455102,1541.455102,1088.308421,1088.308421,1088.308421,411.5590087,411.5590087,411.5590087,676.7494123,676.7494123,676.7494123,0,0,0,2629.763523
01-10-2015,1542.365561,-583.6721608,4813.107223,1542.365561,1542.365561,571.0840882,571.0840882,571.0840882,155.7413792,155.7413792,155.7413792,415.342709,415.342709,415.342709,0,0,0,2113.449649
02-10-2015,1542.669047,-446.5922745,4890.315571,1542.669047,1542.669047,747.083506,747.083506,747.083506,419.7405272,419.7405272,419.7405272,327.3429789,327.3429789,327.3429789,0,0,0,2289.752553
03-10-2015,1542.972533,-1038.612713,4522.932283,1542.972533,1542.972533,262.6109677,262.6109677,262.6109677,21.96802764,21.96802764,21.96802764,240.64294,240.64294,240.64294,0,0,0,1805.583501
04-10-2015,1543.276019,-748.84246,4656.340671,1543.276019,1543.276019,360.0294494,360.0294494,360.0294494,203.7542451,203.7542451,203.7542451,156.2752043,156.2752043,156.2752043,0,0,0,1903.305469
05-10-2015,1543.75049,-738.3273599,4711.268086,1543.75049,1543.75049,486.8095993,486.8095993,486.8095993,411.5590087,411.5590087,411.5590087,75.25059059,75.25059059,75.25059059,0,0,0,2030.56009
08-10-2015,1545.173904,-1363.956462,4347.983886,1545.173904,1545.173904,17.50459631,17.50459631,17.50459631,155.7413792,155.7413792,155.7413792,-138.2367829,-138.2367829,-138.2367829,0,0,0,1562.6785
09-10-2015,1545.648375,-1022.482559,4524.995591,1545.648375,1545.648375,223.105537,223.105537,223.105537,419.7405272,419.7405272,419.7405272,-196.6349901,-196.6349901,-196.6349901,0,0,0,1768.753912
10-10-2015,1546.122846,-1309.783467,4035.948389,1546.122846,1546.122846,-225.4062733,-225.4062733,-225.4062733,21.96802764,21.96802764,21.96802764,-247.3743009,-247.3743009,-247.3743009,0,0,0,1320.716573
11-10-2015,1546.597317,-1205.499122,4271.443563,1546.597317,1546.597317,-86.0593181,-86.0593181,-86.0593181,203.7542451,203.7542451,203.7542451,-289.8135632,-289.8135632,-289.8135632,0,0,0,1460.537999
12-10-2015,1547.071788,-793.6306175,4437.792864,1547.071788,1547.071788,88.15218038,88.15218038,88.15218038,411.5590087,411.5590087,411.5590087,-323.4068284,-323.4068284,-323.4068284,0,0,0,1635.223969
13-10-2015,1547.546259,-1475.381622,3844.948222,1547.546259,1547.546259,-519.0014062,-519.0014062,-519.0014062,-171.2908683,-171.2908683,-171.2908683,-347.7105379,-347.7105379,-347.7105379,0,0,0,1028.544853
15-10-2015,1548.495202,-1395.625701,4063.008221,1548.495202,1548.495202,-211.4808343,-211.4808343,-211.4808343,155.7413792,155.7413792,155.7413792,-367.2222135,-367.2222135,-367.2222135,0,0,0,1337.014367
16-10-2015,1548.969673,-1204.933864,4399.334025,1548.969673,1548.969673,57.63699604,57.63699604,57.63699604,419.7405272,419.7405272,419.7405272,-362.1035311,-362.1035311,-362.1035311,0,0,0,1606.606669
17-10-2015,1549.444144,-1631.541523,4113.12352,1549.444144,1549.444144,-325.0797791,-325.0797791,-325.0797791,21.96802764,21.96802764,21.96802764,-347.0478067,-347.0478067,-347.0478067,0,0,0,1224.364365
18-10-2015,1549.918615,-1375.414802,4276.464632,1549.918615,1549.918615,-118.4350017,-118.4350017,-118.4350017,203.7542451,203.7542451,203.7542451,-322.1892469,-322.1892469,-322.1892469,0,0,0,1431.483613
19-10-2015,1550.393086,-1155.380987,4240.519328,1550.393086,1550.393086,123.7776658,123.7776658,123.7776658,411.5590087,411.5590087,411.5590087,-287.781343,-287.781343,-287.781343,0,0,0,1674.170752
20-10-2015,1550.867557,-1640.090001,3652.929715,1550.867557,1550.867557,-415.485569,-415.485569,-415.485569,-171.2908683,-171.2908683,-171.2908683,-244.1947008,-244.1947008,-244.1947008,0,0,0,1135.381988
22-10-2015,1551.816499,-1066.70792,4532.963688,1551.816499,1551.816499,24.21198984,24.21198984,24.21198984,155.7413792,155.7413792,155.7413792,-131.5293894,-131.5293894,-131.5293894,0,0,0,1576.028489
23-10-2015,1552.29097,-979.3708507,4777.750799,1552.29097,1552.29097,356.0041466,356.0041466,356.0041466,419.7405272,419.7405272,419.7405272,-63.73638054,-63.73638054,-63.73638054,0,0,0,1908.295117
24-10-2015,1552.765442,-1324.94787,4357.40977,1552.765442,1552.765442,32.6471846,32.6471846,32.6471846,21.96802764,21.96802764,21.96802764,10.67915697,10.67915697,10.67915697,0,0,0,1585.412626
25-10-2015,1553.239913,-928.1517072,4498.557815,1553.239913,1553.239913,294.6016658,294.6016658,294.6016658,203.7542451,203.7542451,203.7542451,90.84742065,90.84742065,90.84742065,0,0,0,1847.841578
26-10-2015,1553.714384,-641.8576842,5077.631141,1553.714384,1553.714384,587.3855081,587.3855081,587.3855081,411.5590087,411.5590087,411.5590087,175.8264993,175.8264993,175.8264993,0,0,0,2141.099892
28-10-2015,1554.663326,-1907.918351,3625.001526,1554.663326,1554.663326,-685.3076458,-685.3076458,-685.3076458,-1041.47232,-1041.47232,-1041.47232,356.1646738,356.1646738,356.1646738,0,0,0,869.3556801
29-10-2015,1555.137797,-563.7072104,4920.313761,1555.137797,1555.137797,605.13829,605.13829,605.13829,155.7413792,155.7413792,155.7413792,449.3969108,449.3969108,449.3969108,0,0,0,2160.276087
30-10-2015,1555.612268,-65.51624434,5337.416673,1555.612268,1555.612268,962.9567328,962.9567328,962.9567328,419.7405272,419.7405272,419.7405272,543.2162057,543.2162057,543.2162057,0,0,0,2518.569001
31-10-2015,1556.086739,-414.000057,4912.971704,1556.086739,1556.086739,658.4951235,658.4951235,658.4951235,21.96802764,21.96802764,21.96802764,636.5270959,636.5270959,636.5270959,0,0,0,2214.581863
01-11-2015,1556.56121,-138.9412527,5335.166928,1556.56121,1556.56121,932.0045542,932.0045542,932.0045542,203.7542451,203.7542451,203.7542451,728.2503091,728.2503091,728.2503091,0,0,0,2488.565765
02-11-2015,1557.035682,228.2159544,5541.47253,1557.035682,1557.035682,1228.898214,1228.898214,1228.898214,411.5590087,411.5590087,411.5590087,817.3392057,817.3392057,817.3392057,0,0,0,2785.933896
03-11-2015,1557.510153,-661.7966726,5180.57527,1557.510153,1557.510153,731.5051814,731.5051814,731.5051814,-171.2908683,-171.2908683,-171.2908683,902.7960497,902.7960497,902.7960497,0,0,0,2289.015334
05-11-2015,1558.459095,196.8221381,5479.398987,1558.459095,1558.459095,1214.902646,1214.902646,1214.902646,155.7413792,155.7413792,155.7413792,1059.161266,1059.161266,1059.161266,0,0,0,2773.36174
06-11-2015,1558.933566,377.5884856,5854.918235,1558.933566,1558.933566,1548.197436,1548.197436,1548.197436,419.7405272,419.7405272,419.7405272,1128.456909,1128.456909,1128.456909,0,0,0,3107.131002
07-11-2015,1559.408037,93.92200014,5450.386481,1559.408037,1559.408037,1212.889719,1212.889719,1212.889719,21.96802764,21.96802764,21.96802764,1190.921691,1190.921691,1190.921691,0,0,0,2772.297756
08-11-2015,1559.882508,292.9284413,5764.907258,1559.882508,1559.882508,1449.774241,1449.774241,1449.774241,203.7542451,203.7542451,203.7542451,1246.019996,1246.019996,1246.019996,0,0,0,3009.65675
09-11-2015,1560.356979,510.197912,5968.073757,1560.356979,1560.356979,1704.901778,1704.901778,1704.901778,411.5590087,411.5590087,411.5590087,1293.342769,1293.342769,1293.342769,0,0,0,3265.258757
10-11-2015,1560.83145,10.68287711,5332.578687,1560.83145,1560.83145,1161.323627,1161.323627,1161.323627,-171.2908683,-171.2908683,-171.2908683,1332.614495,1332.614495,1332.614495,0,0,0,2722.155078
11-11-2015,1561.305922,-797.4897758,4613.658321,1561.305922,1561.305922,322.2255129,322.2255129,322.2255129,-1041.47232,-1041.47232,-1041.47232,1363.697833,1363.697833,1363.697833,0,0,0,1883.531434
12-11-2015,1561.780393,363.5307398,5723.869401,1561.780393,1561.780393,1542.337105,1542.337105,1542.337105,155.7413792,155.7413792,155.7413792,1386.595726,1386.595726,1386.595726,0,0,0,3104.117498
13-11-2015,1562.254864,742.2982586,6160.538031,1562.254864,1562.254864,1821.19141,1821.19141,1821.19141,419.7405272,419.7405272,419.7405272,1401.450883,1401.450883,1401.450883,0,0,0,3383.446273
14-11-2015,1562.729335,344.0086355,5791.430001,1562.729335,1562.729335,1430.510552,1430.510552,1430.510552,21.96802764,21.96802764,21.96802764,1408.542525,1408.542525,1408.542525,0,0,0,2993.239887
15-11-2015,1563.203806,525.8238218,5996.66781,1563.203806,1563.203806,1612.03466,1612.03466,1612.03466,203.7542451,203.7542451,203.7542451,1408.280415,1408.280415,1408.280415,0,0,0,3175.238466
16-11-2015,1563.678277,558.8462236,6148.858867,1563.678277,1563.678277,1812.755188,1812.755188,1812.755188,411.5590087,411.5590087,411.5590087,1401.196179,1401.196179,1401.196179,0,0,0,3376.433465
17-11-2015,1564.152748,15.66556451,5616.837995,1564.152748,1564.152748,1216.64117,1216.64117,1216.64117,-171.2908683,-171.2908683,-171.2908683,1387.932038,1387.932038,1387.932038,0,0,0,2780.793918
19-11-2015,1565.10169,402.504824,5885.093421,1565.10169,1565.10169,1501.642825,1501.642825,1501.642825,155.7413792,155.7413792,155.7413792,1345.901446,1345.901446,1345.901446,0,0,0,3066.744516
20-11-2015,1565.743571,470.3270541,6061.986595,1565.743571,1565.743571,1738.578785,1738.578785,1738.578785,419.7405272,419.7405272,419.7405272,1318.838258,1318.838258,1318.838258,0,0,0,3304.322356
21-11-2015,1566.385451,182.6933682,5909.451157,1566.385451,1566.385451,1310.932403,1310.932403,1310.932403,21.96802764,21.96802764,21.96802764,1288.964375,1288.964375,1288.964375,0,0,0,2877.317854
22-11-2015,1567.027331,199.0477774,5726.73035,1567.027331,1567.027331,1460.983849,1460.983849,1460.983849,203.7542451,203.7542451,203.7542451,1257.229604,1257.229604,1257.229604,0,0,0,3028.01118
23-11-2015,1567.669211,307.8919252,5926.642471,1567.669211,1567.669211,1636.144244,1636.144244,1636.144244,411.5590087,411.5590087,411.5590087,1224.585236,1224.585236,1224.585236,0,0,0,3203.813455
24-11-2015,1568.311091,-152.0464084,5295.36362,1568.311091,1568.311091,1020.67135,1020.67135,1020.67135,-171.2908683,-171.2908683,-171.2908683,1191.962218,1191.962218,1191.962218,0,0,0,2588.982441
25-11-2015,1568.952971,-1022.296075,4433.16299,1568.952971,1568.952971,118.777143,118.777143,118.777143,-1041.47232,-1041.47232,-1041.47232,1160.249463,1160.249463,1160.249463,0,0,0,1687.730114
26-11-2015,1569.594851,230.8428348,5609.323816,1569.594851,1569.594851,1286.014152,1286.014152,1286.014152,155.7413792,155.7413792,155.7413792,1130.272773,1130.272773,1130.272773,0,0,0,2855.609003
27-11-2015,1570.236732,407.5868845,5854.328988,1570.236732,1570.236732,1522.51542,1522.51542,1522.51542,419.7405272,419.7405272,419.7405272,1102.774892,1102.774892,1102.774892,0,0,0,3092.752151
28-11-2015,1570.878612,-35.63658737,5580.198342,1570.878612,1570.878612,1100.365181,1100.365181,1100.365181,21.96802764,21.96802764,21.96802764,1078.397153,1078.397153,1078.397153,0,0,0,2671.243793
29-11-2015,1571.520492,233.2983983,5414.966692,1571.520492,1571.520492,1261.417428,1261.417428,1261.417428,203.7542451,203.7542451,203.7542451,1057.663183,1057.663183,1057.663183,0,0,0,2832.93792
30-11-2015,1572.162372,285.2570253,5903.978552,1572.162372,1572.162372,1452.524107,1452.524107,1452.524107,411.5590087,411.5590087,411.5590087,1040.965099,1040.965099,1040.965099,0,0,0,3024.686479
01-12-2015,1572.804252,-261.9530319,5234.384846,1572.804252,1572.804252,857.2616971,857.2616971,857.2616971,-171.2908683,-171.2908683,-171.2908683,1028.552565,1028.552565,1028.552565,0,0,0,2430.065949
03-12-2015,1574.088012,-135.9781138,5243.561971,1574.088012,1574.088012,1172.568872,1172.568872,1172.568872,155.7413792,155.7413792,155.7413792,1016.827493,1016.827493,1016.827493,0,0,0,2746.656885
04-12-2015,1574.729893,402.5062932,5825.308098,1574.729893,1574.729893,1436.9902,1436.9902,1436.9902,419.7405272,419.7405272,419.7405272,1017.249673,1017.249673,1017.249673,0,0,0,3011.720092
05-12-2015,1575.371773,-279.5061333,5255.777973,1575.371773,1575.371773,1043.397239,1043.397239,1043.397239,21.96802764,21.96802764,21.96802764,1021.429211,1021.429211,1021.429211,0,0,0,2618.769012
06-12-2015,1576.013653,112.6865166,5787.207029,1576.013653,1576.013653,1232.612636,1232.612636,1232.612636,203.7542451,203.7542451,203.7542451,1028.858391,1028.858391,1028.858391,0,0,0,2808.626289
07-12-2015,1576.655533,113.9362527,5785.603314,1576.655533,1576.655533,1450.453612,1450.453612,1450.453612,411.5590087,411.5590087,411.5590087,1038.894604,1038.894604,1038.894604,0,0,0,3027.109145
08-12-2015,1577.297413,-375.5334934,5320.441683,1577.297413,1577.297413,879.4834455,879.4834455,879.4834455,-171.2908683,-171.2908683,-171.2908683,1050.774314,1050.774314,1050.774314,0,0,0,2456.780859
09-12-2015,1577.939293,-1105.875507,4089.483692,1577.939293,1577.939293,22.15794023,22.15794023,22.15794023,-1041.47232,-1041.47232,-1041.47232,1063.63026,1063.63026,1063.63026,0,0,0,1600.097234
10-12-2015,1578.581174,-106.4717303,5597.541948,1578.581174,1578.581174,1232.252945,1232.252945,1232.252945,155.7413792,155.7413792,155.7413792,1076.511566,1076.511566,1076.511566,0,0,0,2810.834119
11-12-2015,1579.223054,164.8020041,5766.62201,1579.223054,1579.223054,1508.146868,1508.146868,1508.146868,419.7405272,419.7405272,419.7405272,1088.406341,1088.406341,1088.406341,0,0,0,3087.369922
12-12-2015,1579.864934,-40.24326221,5287.858732,1579.864934,1579.864934,1120.234301,1120.234301,1120.234301,21.96802764,21.96802764,21.96802764,1098.266273,1098.266273,1098.266273,0,0,0,2700.099235
13-12-2015,1580.506814,216.8428469,5580.593433,1580.506814,1580.506814,1308.786924,1308.786924,1308.786924,203.7542451,203.7542451,203.7542451,1105.032679,1105.032679,1105.032679,0,0,0,2889.293738
14-12-2015,1581.148694,364.7609193,5886.107405,1581.148694,1581.148694,1519.222403,1519.222403,1519.222403,411.5590087,411.5590087,411.5590087,1107.663394,1107.663394,1107.663394,0,0,0,3100.371097
15-12-2015,1581.790574,-156.7640461,5247.611078,1581.790574,1581.790574,933.8690216,933.8690216,933.8690216,-171.2908683,-171.2908683,-171.2908683,1105.15989,1105.15989,1105.15989,0,0,0,2515.659596
16-12-2015,1582.432454,-1063.307268,4338.194411,1582.432454,1582.432454,55.12162641,55.12162641,55.12162641,-1041.47232,-1041.47232,-1041.47232,1096.593946,1096.593946,1096.593946,0,0,0,1637.554081
17-12-2015,1583.074335,-90.45942152,5575.623258,1583.074335,1583.074335,1236.874615,1236.874615,1236.874615,155.7413792,155.7413792,155.7413792,1081.133236,1081.133236,1081.133236,0,0,0,2819.94895
18-12-2015,1583.716215,344.0253974,5533.172106,1583.716215,1583.716215,1477.805697,1477.805697,1477.805697,419.7405272,419.7405272,419.7405272,1058.06517,1058.06517,1058.06517,0,0,0,3061.521912
19-12-2015,1584.358095,-153.0009876,5385.196985,1584.358095,1584.358095,1048.786406,1048.786406,1048.786406,21.96802764,21.96802764,21.96802764,1026.818378,1026.818378,1026.818378,0,0,0,2633.144501
20-12-2015,1584.999975,-36.04270593,5498.710353,1584.999975,1584.999975,1190.735515,1190.735515,1190.735515,203.7542451,203.7542451,203.7542451,986.9812697,986.9812697,986.9812697,0,0,0,2775.73549
21-12-2015,1585.641855,185.8070826,5724.256576,1585.641855,1585.641855,1349.876152,1349.876152,1349.876152,411.5590087,411.5590087,411.5590087,938.3171428,938.3171428,938.3171428,0,0,0,2935.518007
22-12-2015,1586.283735,-330.1919129,4696.501432,1586.283735,1586.283735,709.4845431,709.4845431,709.4845431,-171.2908683,-171.2908683,-171.2908683,880.7754113,880.7754113,880.7754113,0,0,0,2295.768278
23-12-2015,1586.925615,-1239.69192,4034.551641,1586.925615,1586.925615,-226.9737267,-226.9737267,-226.9737267,-1041.47232,-1041.47232,-1041.47232,814.4985929,814.4985929,814.4985929,0,0,0,1359.951889
24-12-2015,1587.567496,-218.9148653,5322.458666,1587.567496,1587.567496,895.5661787,895.5661787,895.5661787,155.7413792,155.7413792,155.7413792,739.8247995,739.8247995,739.8247995,0,0,0,2483.133674
25-12-2015,1588.209376,-164.3794317,5445.74124,1588.209376,1588.209376,1077.026106,1077.026106,1077.026106,419.7405272,419.7405272,419.7405272,657.2855787,657.2855787,657.2855787,0,0,0,2665.235482
26-12-2015,1588.851256,-760.1120133,5071.486859,1588.851256,1588.851256,589.5670928,589.5670928,589.5670928,21.96802764,21.96802764,21.96802764,567.5990652,567.5990652,567.5990652,0,0,0,2178.418349
27-12-2015,1589.493136,-212.0694705,5269.823672,1589.493136,1589.493136,675.4127578,675.4127578,675.4127578,203.7542451,203.7542451,203.7542451,471.6585127,471.6585127,471.6585127,0,0,0,2264.905894
28-12-2015,1590.135016,-232.4251212,5242.06651,1590.135016,1590.135016,782.0754062,782.0754062,782.0754062,411.5590087,411.5590087,411.5590087,370.5163974,370.5163974,370.5163974,0,0,0,2372.210422
29-12-2015,1590.776896,-1099.335906,4393.556857,1590.776896,1590.776896,94.07352216,94.07352216,94.07352216,-171.2908683,-171.2908683,-171.2908683,265.3643904,265.3643904,265.3643904,0,0,0,1684.850419
30-12-2015,1591.418777,-2179.292077,3314.44774,1591.418777,1591.418777,-883.9627126,-883.9627126,-883.9627126,-1041.47232,-1041.47232,-1041.47232,157.509607,157.509607,157.509607,0,0,0,707.4560639
31-12-2015,1592.208529,-1012.84271,4535.592274,1592.208529,1592.208529,204.0890184,204.0890184,204.0890184,155.7413792,155.7413792,155.7413792,48.34763918,48.34763918,48.34763918,0,0,0,1796.297548
02-01-2016,1593.788035,-1197.059046,4123.186468,1593.788035,1593.788035,-146.0845706,-146.0845706,-146.0845706,21.96802764,21.96802764,21.96802764,-168.0525982,-168.0525982,-168.0525982,0,0,0,1447.703464
03-01-2016,1594.577788,-1227.797371,4247.746922,1594.577788,1594.577788,-68.57841727,-68.57841727,-68.57841727,203.7542451,203.7542451,203.7542451,-272.3326624,-272.3326624,-272.3326624,0,0,0,1525.99937
04-01-2016,1595.36754,-1182.26435,4403.662878,1595.36754,1595.36754,39.4895102,39.4895102,39.4895102,411.5590087,411.5590087,411.5590087,-372.0694986,-372.0694986,-372.0694986,0,0,0,1634.857051
05-01-2016,1596.157293,-1790.642525,3496.940422,1596.157293,1596.157293,-637.1877909,-637.1877909,-637.1877909,-171.2908683,-171.2908683,-171.2908683,-465.8969226,-465.8969226,-465.8969226,0,0,0,958.9695022
07-01-2016,1597.736799,-1604.783035,3909.603645,1597.736799,1597.736799,-475.1637152,-475.1637152,-475.1637152,155.7413792,155.7413792,155.7413792,-630.9050944,-630.9050944,-630.9050944,0,0,0,1122.573083
08-01-2016,1598.526551,-1585.875686,4008.402507,1598.526551,1598.526551,-280.2460493,-280.2460493,-280.2460493,419.7405272,419.7405272,419.7405272,-699.9865765,-699.9865765,-699.9865765,0,0,0,1318.280502
09-01-2016,1599.316304,-1697.567398,3550.207239,1599.316304,1599.316304,-737.0430279,-737.0430279,-737.0430279,21.96802764,21.96802764,21.96802764,-759.0110555,-759.0110555,-759.0110555,0,0,0,862.2732763
10-01-2016,1600.106057,-1447.650103,3797.248024,1600.106057,1600.106057,-603.6427086,-603.6427086,-603.6427086,203.7542451,203.7542451,203.7542451,-807.3969538,-807.3969538,-807.3969538,0,0,0,996.4633483
11-01-2016,1600.89581,-1511.643006,3908.361867,1600.89581,1600.89581,-433.2228137,-433.2228137,-433.2228137,411.5590087,411.5590087,411.5590087,-844.7818225,-844.7818225,-844.7818225,0,0,0,1167.672996
14-01-2016,1603.265068,-1736.393287,3645.19395,1603.265068,1603.265068,-735.0308526,-735.0308526,-735.0308526,155.7413792,155.7413792,155.7413792,-890.7722318,-890.7722318,-890.7722318,0,0,0,868.2342153
15-01-2016,1604.054821,-1576.07566,3900.567011,1604.054821,1604.054821,-465.4196711,-465.4196711,-465.4196711,419.7405272,419.7405272,419.7405272,-885.1601983,-885.1601983,-885.1601983,0,0,0,1138.63515
16-01-2016,1604.844573,-2124.85935,3597.962535,1604.844573,1604.844573,-848.2272188,-848.2272188,-848.2272188,21.96802764,21.96802764,21.96802764,-870.1952464,-870.1952464,-870.1952464,0,0,0,756.6173547
17-01-2016,1605.634326,-1772.907541,3690.33976,1605.634326,1605.634326,-643.1036245,-643.1036245,-643.1036245,203.7542451,203.7542451,203.7542451,-846.8578696,-846.8578696,-846.8578696,0,0,0,962.5307018
21-01-2016,1608.793337,-1627.512345,3807.069132,1608.793337,1608.793337,-539.3295874,-539.3295874,-539.3295874,155.7413792,155.7413792,155.7413792,-695.0709666,-695.0709666,-695.0709666,0,0,0,1069.46375
22-01-2016,1609.58309,-1183.316208,4222.373822,1609.58309,1609.58309,-230.1014788,-230.1014788,-230.1014788,419.7405272,419.7405272,419.7405272,-649.842006,-649.842006,-649.842006,0,0,0,1379.481611
23-01-2016,1610.372843,-1632.752627,3980.992012,1610.372843,1610.372843,-582.8748302,-582.8748302,-582.8748302,21.96802764,21.96802764,21.96802764,-604.8428579,-604.8428579,-604.8428579,0,0,0,1027.498013
24-01-2016,1611.162596,-1598.238443,3960.488722,1611.162596,1611.162596,-357.8937558,-357.8937558,-357.8937558,203.7542451,203.7542451,203.7542451,-561.6480009,-561.6480009,-561.6480009,0,0,0,1253.26884
25-01-2016,1611.952348,-1242.803803,4164.120537,1611.952348,1611.952348,-110.214522,-110.214522,-110.214522,411.5590087,411.5590087,411.5590087,-521.7735308,-521.7735308,-521.7735308,0,0,0,1501.737826
28-01-2016,1614.321607,-1484.219544,4026.08457,1614.321607,1614.321607,-279.8627614,-279.8627614,-279.8627614,155.7413792,155.7413792,155.7413792,-435.6041406,-435.6041406,-435.6041406,0,0,0,1334.458845
30-01-2016,1615.901112,-1438.067919,4096.666568,1615.901112,1615.901112,-394.8015595,-394.8015595,-394.8015595,21.96802764,21.96802764,21.96802764,-416.7695871,-416.7695871,-416.7695871,0,0,0,1221.099553
31-01-2016,1616.690865,-1279.753414,4232.012991,1616.690865,1616.690865,-217.3389444,-217.3389444,-217.3389444,203.7542451,203.7542451,203.7542451,-421.0931895,-421.0931895,-421.0931895,0,0,0,1399.351921
01-02-2016,1617.480618,-1102.04439,4340.400364,1617.480618,1617.480618,-23.43152985,-23.43152985,-23.43152985,411.5590087,411.5590087,411.5590087,-434.9905386,-434.9905386,-434.9905386,0,0,0,1594.049088
02-02-2016,1618.27037,-1706.799378,3551.569619,1618.27037,1618.27037,-629.7467533,-629.7467533,-629.7467533,-171.2908683,-171.2908683,-171.2908683,-458.4558851,-458.4558851,-458.4558851,0,0,0,988.5236171
03-02-2016,1619.060123,-2558.670358,2935.117271,1619.060123,1619.060123,-1532.699814,-1532.699814,-1532.699814,-1041.47232,-1041.47232,-1041.47232,-491.2274947,-491.2274947,-491.2274947,0,0,0,86.36030889
04-02-2016,1619.849876,-1494.985551,4119.967501,1619.849876,1619.849876,-377.0504151,-377.0504151,-377.0504151,155.7413792,155.7413792,155.7413792,-532.7917943,-532.7917943,-532.7917943,0,0,0,1242.799461
05-02-2016,1620.639629,-1117.512812,4209.444012,1620.639629,1620.639629,-162.6529826,-162.6529826,-162.6529826,419.7405272,419.7405272,419.7405272,-582.3935097,-582.3935097,-582.3935097,0,0,0,1457.986646
06-02-2016,1621.429382,-1773.172453,3648.014192,1621.429382,1621.429382,-617.0835606,-617.0835606,-617.0835606,21.96802764,21.96802764,21.96802764,-639.0515882,-639.0515882,-639.0515882,0,0,0,1004.345821
07-02-2016,1622.219134,-1740.345981,3615.297514,1622.219134,1622.219134,-497.8263074,-497.8263074,-497.8263074,203.7542451,203.7542451,203.7542451,-701.5805525,-701.5805525,-701.5805525,0,0,0,1124.392827
08-02-2016,1623.008887,-1428.424698,3843.916123,1623.008887,1623.008887,-357.0577972,-357.0577972,-357.0577972,411.5590087,411.5590087,411.5590087,-768.616806,-768.616806,-768.616806,0,0,0,1265.95109
09-02-2016,1623.79864,-2027.691548,3395.618927,1623.79864,1623.79864,-1009.940151,-1009.940151,-1009.940151,-171.2908683,-171.2908683,-171.2908683,-838.6492823,-838.6492823,-838.6492823,0,0,0,613.8584892
11-02-2016,1625.378145,-2112.28007,3490.764174,1625.378145,1625.378145,-825.3884539,-825.3884539,-825.3884539,155.7413792,155.7413792,155.7413792,-981.1298331,-981.1298331,-981.1298331,0,0,0,799.9896914
12-02-2016,1626.167898,-1847.233889,3738.09625,1626.167898,1626.167898,-630.3997591,-630.3997591,-630.3997591,419.7405272,419.7405272,419.7405272,-1050.140286,-1050.140286,-1050.140286,0,0,0,995.768139
13-02-2016,1626.957651,-2128.896131,3340.305253,1626.957651,1626.957651,-1093.382895,-1093.382895,-1093.382895,21.96802764,21.96802764,21.96802764,-1115.350923,-1115.350923,-1115.350923,0,0,0,533.5747556
14-02-2016,1627.747404,-2085.172878,3236.88596,1627.747404,1627.747404,-971.3166853,-971.3166853,-971.3166853,203.7542451,203.7542451,203.7542451,-1175.07093,-1175.07093,-1175.07093,0,0,0,656.4307183
15-02-2016,1628.537156,-2012.246517,3465.903668,1628.537156,1628.537156,-816.1332058,-816.1332058,-816.1332058,411.5590087,411.5590087,411.5590087,-1227.692215,-1227.692215,-1227.692215,0,0,0,812.4039506
16-02-2016,1629.326909,-2484.234135,2830.851304,1629.326909,1629.326909,-1443.017845,-1443.017845,-1443.017845,-171.2908683,-171.2908683,-171.2908683,-1271.726977,-1271.726977,-1271.726977,0,0,0,186.3090642
19-02-2016,1631.696167,-2026.793302,3269.653151,1631.696167,1631.696167,-920.2058661,-920.2058661,-920.2058661,419.7405272,419.7405272,419.7405272,-1339.946393,-1339.946393,-1339.946393,0,0,0,711.4903013
20-02-2016,1632.48592,-2565.281387,2983.626004,1632.48592,1632.48592,-1316.338189,-1316.338189,-1316.338189,21.96802764,21.96802764,21.96802764,-1338.306217,-1338.306217,-1338.306217,0,0,0,316.147731
21-02-2016,1633.36767,-2302.474591,3359.370832,1633.36767,1633.36767,-1119.775285,-1119.775285,-1119.775285,203.7542451,203.7542451,203.7542451,-1323.52953,-1323.52953,-1323.52953,0,0,0,513.5923849
22-02-2016,1634.249419,-1920.291613,3564.679967,1634.249419,1634.249419,-883.8783733,-883.8783733,-883.8783733,411.5590087,411.5590087,411.5590087,-1295.437382,-1295.437382,-1295.437382,0,0,0,750.3710457
23-02-2016,1635.131168,-2406.081858,2835.493422,1635.131168,1635.131168,-1425.410958,-1425.410958,-1425.410958,-171.2908683,-171.2908683,-171.2908683,-1254.12009,-1254.12009,-1254.12009,0,0,0,209.7202103
25-02-2016,1636.894667,-2148.31284,3217.551829,1636.894667,1636.894667,-977.7641569,-977.7641569,-977.7641569,155.7413792,155.7413792,155.7413792,-1133.505536,-1133.505536,-1133.505536,0,0,0,659.1305103
27-02-2016,1638.658166,-2041.331559,3204.825714,1638.658166,1638.658166,-945.6370104,-945.6370104,-945.6370104,21.96802764,21.96802764,21.96802764,-967.6050381,-967.6050381,-967.6050381,0,0,0,693.0211556
28-02-2016,1639.539915,-1705.859144,3681.118262,1639.539915,1639.539915,-666.7821568,-666.7821568,-666.7821568,203.7542451,203.7542451,203.7542451,-870.5364019,-870.5364019,-870.5364019,0,0,0,972.7577586
29-02-2016,1640.421665,-1323.730588,4004.966081,1640.421665,1640.421665,-354.4124858,-354.4124858,-354.4124858,411.5590087,411.5590087,411.5590087,-765.9714946,-765.9714946,-765.9714946,0,0,0,1286.009179
01-03-2016,1641.303414,-1915.472346,3762.879107,1641.303414,1641.303414,-826.8285289,-826.8285289,-826.8285289,-171.2908683,-171.2908683,-171.2908683,-655.5376606,-655.5376606,-655.5376606,0,0,0,814.4748853
03-03-2016,1643.066913,-1307.116281,3977.547834,1643.066913,1643.066913,-268.3482791,-268.3482791,-268.3482791,155.7413792,155.7413792,155.7413792,-424.0896583,-424.0896583,-424.0896583,0,0,0,1374.718634
04-03-2016,1643.948662,-972.897287,4614.878921,1643.948662,1643.948662,113.0063152,113.0063152,113.0063152,419.7405272,419.7405272,419.7405272,-306.734212,-306.734212,-306.734212,0,0,0,1756.954978
05-03-2016,1644.830412,-1375.461979,4112.556537,1644.830412,1644.830412,-168.7817288,-168.7817288,-168.7817288,21.96802764,21.96802764,21.96802764,-190.7497564,-190.7497564,-190.7497564,0,0,0,1476.048683
06-03-2016,1645.712161,-958.9165374,4567.474101,1645.712161,1645.712161,125.8173299,125.8173299,125.8173299,203.7542451,203.7542451,203.7542451,-77.93691521,-77.93691521,-77.93691521,0,0,0,1771.529491
07-03-2016,1646.593911,-715.4491125,4732.588478,1646.593911,1646.593911,441.5421265,441.5421265,441.5421265,411.5590087,411.5590087,411.5590087,29.98311778,29.98311778,29.98311778,0,0,0,2088.136037
08-03-2016,1647.47566,-1010.273229,4363.0336,1647.47566,1647.47566,-39.88747426,-39.88747426,-39.88747426,-171.2908683,-171.2908683,-171.2908683,131.403394,131.403394,131.403394,0,0,0,1607.588186
09-03-2016,1648.357409,-1707.569246,3636.537887,1648.357409,1648.357409,-816.6093297,-816.6093297,-816.6093297,-1041.47232,-1041.47232,-1041.47232,224.8629899,224.8629899,224.8629899,0,0,0,831.7480797
10-03-2016,1649.239159,-620.4395427,4808.806711,1649.239159,1649.239159,464.8164258,464.8164258,464.8164258,155.7413792,155.7413792,155.7413792,309.0750466,309.0750466,309.0750466,0,0,0,2114.055585
11-03-2016,1650.120908,-158.8469431,5272.346847,1650.120908,1650.120908,802.6909913,802.6909913,802.6909913,419.7405272,419.7405272,419.7405272,382.9504641,382.9504641,382.9504641,0,0,0,2452.8119
12-03-2016,1651.002658,-548.0277578,4802.475222,1651.002658,1651.002658,467.5847856,467.5847856,467.5847856,21.96802764,21.96802764,21.96802764,445.616758,445.616758,445.616758,0,0,0,2118.587443
13-03-2016,1651.884407,-403.1003714,5008.367665,1651.884407,1651.884407,700.1859534,700.1859534,700.1859534,203.7542451,203.7542451,203.7542451,496.4317083,496.4317083,496.4317083,0,0,0,2352.07036
14-03-2016,1652.766156,-59.98915179,5347.713422,1652.766156,1652.766156,946.5505739,946.5505739,946.5505739,411.5590087,411.5590087,411.5590087,534.9915652,534.9915652,534.9915652,0,0,0,2599.31673
15-03-2016,1653.647906,-865.7926867,4692.299885,1653.647906,1653.647906,389.8428408,389.8428408,389.8428408,-171.2908683,-171.2908683,-171.2908683,561.133709,561.133709,561.133709,0,0,0,2043.490747
17-03-2016,1655.411405,-234.7621135,5234.963669,1655.411405,1655.411405,732.4389707,732.4389707,732.4389707,155.7413792,155.7413792,155.7413792,576.6975915,576.6975915,576.6975915,0,0,0,2387.850375
18-03-2016,1656.293154,-22.04424341,5197.584248,1656.293154,1656.293154,986.6882182,986.6882182,986.6882182,419.7405272,419.7405272,419.7405272,566.947691,566.947691,566.947691,0,0,0,2642.981372
19-03-2016,1657.174903,-389.5593068,5035.896485,1657.174903,1657.174903,568.3737355,568.3737355,568.3737355,21.96802764,21.96802764,21.96802764,546.4057079,546.4057079,546.4057079,0,0,0,2225.548639
20-03-2016,1658.056653,-195.7970625,5122.090628,1658.056653,1658.056653,719.7245333,719.7245333,719.7245333,203.7542451,203.7542451,203.7542451,515.9702881,515.9702881,515.9702881,0,0,0,2377.781186
21-03-2016,1658.938402,-312.7415948,5205.988478,1658.938402,1658.938402,888.2506742,888.2506742,888.2506742,411.5590087,411.5590087,411.5590087,476.6916655,476.6916655,476.6916655,0,0,0,2547.189076
22-03-2016,1659.820152,-699.9657857,4690.512327,1659.820152,1659.820152,258.4525453,258.4525453,258.4525453,-171.2908683,-171.2908683,-171.2908683,429.7434136,429.7434136,429.7434136,0,0,0,1918.272697
24-03-2016,1661.58365,-521.6544204,4935.675525,1661.58365,1661.58365,473.7073361,473.7073361,473.7073361,155.7413792,155.7413792,155.7413792,317.9659569,317.9659569,317.9659569,0,0,0,2135.290987
25-03-2016,1662.4654,-552.7094472,5143.473239,1662.4654,1662.4654,675.5628991,675.5628991,675.5628991,419.7405272,419.7405272,419.7405272,255.8223719,255.8223719,255.8223719,0,0,0,2338.028299
26-03-2016,1663.347149,-966.9382045,4516.511144,1663.347149,1663.347149,213.2846828,213.2846828,213.2846828,21.96802764,21.96802764,21.96802764,191.3166551,191.3166551,191.3166551,0,0,0,1876.631832
27-03-2016,1664.228899,-783.6450632,4820.578156,1664.228899,1664.228899,329.5254376,329.5254376,329.5254376,203.7542451,203.7542451,203.7542451,125.7711924,125.7711924,125.7711924,0,0,0,1993.754336
28-03-2016,1665.110648,-614.8116061,4918.981164,1665.110648,1665.110648,472.0057167,472.0057167,472.0057167,411.5590087,411.5590087,411.5590087,60.44670799,60.44670799,60.44670799,0,0,0,2137.116365
29-03-2016,1665.992398,-1233.139643,4193.922405,1665.992398,1665.992398,-174.7748988,-174.7748988,-174.7748988,-171.2908683,-171.2908683,-171.2908683,-3.484030569,-3.484030569,-3.484030569,0,0,0,1491.217499
30-03-2016,1666.874147,-2091.176079,3214.906196,1666.874147,1666.874147,-1106.431749,-1106.431749,-1106.431749,-1041.47232,-1041.47232,-1041.47232,-64.95942922,-64.95942922,-64.95942922,0,0,0,560.4423981
31-03-2016,1667.755896,-1112.79699,4438.449443,1667.755896,1667.755896,32.69266861,32.69266861,32.69266861,155.7413792,155.7413792,155.7413792,-123.0487106,-123.0487106,-123.0487106,0,0,0,1700.448565
01-04-2016,1668.637646,-834.261655,4694.359763,1668.637646,1668.637646,242.7729382,242.7729382,242.7729382,419.7405272,419.7405272,419.7405272,-176.967589,-176.967589,-176.967589,0,0,0,1911.410584
02-04-2016,1669.519395,-1182.806069,4098.318114,1669.519395,1669.519395,-204.1216667,-204.1216667,-204.1216667,21.96802764,21.96802764,21.96802764,-226.0896943,-226.0896943,-226.0896943,0,0,0,1465.397728
03-04-2016,1670.401145,-1277.160265,4563.255154,1670.401145,1670.401145,-66.19933203,-66.19933203,-66.19933203,203.7542451,203.7542451,203.7542451,-269.9535772,-269.9535772,-269.9535772,0,0,0,1604.201812
04-04-2016,1671.282894,-933.8482102,4602.496015,1671.282894,1671.282894,103.2937624,103.2937624,103.2937624,411.5590087,411.5590087,411.5590087,-308.2652464,-308.2652464,-308.2652464,0,0,0,1774.576656
05-04-2016,1672.164643,-1447.25655,4041.649152,1672.164643,1672.164643,-512.1871741,-512.1871741,-512.1871741,-171.2908683,-171.2908683,-171.2908683,-340.8963058,-340.8963058,-340.8963058,0,0,0,1159.977469
06-04-2016,1673.091543,-2267.648501,3216.456449,1673.091543,1673.091543,-1409.350191,-1409.350191,-1409.350191,-1041.47232,-1041.47232,-1041.47232,-367.8778716,-367.8778716,-367.8778716,0,0,0,263.7413516
07-04-2016,1674.018442,-1252.739062,4134.225648,1674.018442,1674.018442,-233.6491767,-233.6491767,-233.6491767,155.7413792,155.7413792,155.7413792,-389.3905559,-389.3905559,-389.3905559,0,0,0,1440.369265
08-04-2016,1674.945342,-1172.885287,4391.143366,1674.945342,1674.945342,13.98962733,13.98962733,13.98962733,419.7405272,419.7405272,419.7405272,-405.7508998,-405.7508998,-405.7508998,0,0,0,1688.934969
09-04-2016,1675.872241,-1433.06547,3985.800083,1675.872241,1675.872241,-395.4266941,-395.4266941,-395.4266941,21.96802764,21.96802764,21.96802764,-417.3947218,-417.3947218,-417.3947218,0,0,0,1280.445547
10-04-2016,1676.79914,-1191.736594,4316.033432,1676.79914,1676.79914,-221.1036733,-221.1036733,-221.1036733,203.7542451,203.7542451,203.7542451,-424.8579185,-424.8579185,-424.8579185,0,0,0,1455.695467
12-04-2016,1678.652939,-1489.837809,3917.516647,1678.652939,1678.652939,-601.0490213,-601.0490213,-601.0490213,-171.2908683,-171.2908683,-171.2908683,-429.7581531,-429.7581531,-429.7581531,0,0,0,1077.603918
13-04-2016,1679.579839,-2389.514144,3006.055497,1679.579839,1679.579839,-1470.043303,-1470.043303,-1470.043303,-1041.47232,-1041.47232,-1041.47232,-428.5709839,-428.5709839,-428.5709839,0,0,0,209.536535
14-04-2016,1680.506738,-1183.415628,4340.715319,1680.506738,1680.506738,-270.1670402,-270.1670402,-270.1670402,155.7413792,155.7413792,155.7413792,-425.9084194,-425.9084194,-425.9084194,0,0,0,1410.339698
15-04-2016,1681.433637,-969.7455456,4560.338405,1681.433637,1681.433637,-2.732047011,-2.732047011,-2.732047011,419.7405272,419.7405272,419.7405272,-422.4725742,-422.4725742,-422.4725742,0,0,0,1678.70159
16-04-2016,1682.360537,-1357.212889,4013.797441,1682.360537,1682.360537,-396.9636546,-396.9636546,-396.9636546,21.96802764,21.96802764,21.96802764,-418.9316823,-418.9316823,-418.9316823,0,0,0,1285.396882
17-04-2016,1683.287436,-1502.123245,4246.711223,1683.287436,1683.287436,-212.1462391,-212.1462391,-212.1462391,203.7542451,203.7542451,203.7542451,-415.9004843,-415.9004843,-415.9004843,0,0,0,1471.141197
18-04-2016,1684.214336,-1001.706067,4480.142731,1684.214336,1684.214336,-2.363863664,-2.363863664,-2.363863664,411.5590087,411.5590087,411.5590087,-413.9228724,-413.9228724,-413.9228724,0,0,0,1681.850472
19-04-2016,1685.141235,-1586.621415,3853.25038,1685.141235,1685.141235,-584.7480814,-584.7480814,-584.7480814,-171.2908683,-171.2908683,-171.2908683,-413.4572132,-413.4572132,-413.4572132,0,0,0,1100.393153
21-04-2016,1686.995034,-1372.644917,4162.070567,1686.995034,1686.995034,-262.6594895,-262.6594895,-262.6594895,155.7413792,155.7413792,155.7413792,-418.4008687,-418.4008687,-418.4008687,0,0,0,1424.335544
22-04-2016,1687.921933,-1147.395842,4493.909351,1687.921933,1687.921933,-4.470234656,-4.470234656,-4.470234656,419.7405272,419.7405272,419.7405272,-424.2107618,-424.2107618,-424.2107618,0,0,0,1683.451698
23-04-2016,1688.848833,-1281.16445,4130.396282,1688.848833,1688.848833,-410.3592044,-410.3592044,-410.3592044,21.96802764,21.96802764,21.96802764,-432.3272321,-432.3272321,-432.3272321,0,0,0,1278.489628
24-04-2016,1689.775732,-1249.945437,4062.242804,1689.775732,1689.775732,-238.9186552,-238.9186552,-238.9186552,203.7542451,203.7542451,203.7542451,-442.6729003,-442.6729003,-442.6729003,0,0,0,1450.857077
25-04-2016,1690.702631,-1063.327949,4271.118663,1690.702631,1690.702631,-43.50628357,-43.50628357,-43.50628357,411.5590087,411.5590087,411.5590087,-455.0652923,-455.0652923,-455.0652923,0,0,0,1647.196348
26-04-2016,1691.629531,-1776.275637,3631.065902,1691.629531,1691.629531,-640.5159063,-640.5159063,-640.5159063,-171.2908683,-171.2908683,-171.2908683,-469.2250381,-469.2250381,-469.2250381,0,0,0,1051.113624
28-04-2016,1693.483329,-1461.440807,4121.659646,1693.483329,1693.483329,-345.57125,-345.57125,-345.57125,155.7413792,155.7413792,155.7413792,-501.3126292,-501.3126292,-501.3126292,0,0,0,1347.91208
30-04-2016,1695.337128,-1258.822327,3987.678921,1695.337128,1695.337128,-513.2659894,-513.2659894,-513.2659894,21.96802764,21.96802764,21.96802764,-535.234017,-535.234017,-535.234017,0,0,0,1182.071139
01-05-2016,1696.264028,-1420.131867,4096.319814,1696.264028,1696.264028,-347.7798865,-347.7798865,-347.7798865,203.7542451,203.7542451,203.7542451,-551.5341317,-551.5341317,-551.5341317,0,0,0,1348.484141
02-05-2016,1697.190927,-1101.591895,4205.266372,1697.190927,1697.190927,-155.0840131,-155.0840131,-155.0840131,411.5590087,411.5590087,411.5590087,-566.6430218,-566.6430218,-566.6430218,0,0,0,1542.106914
03-05-2016,1698.117826,-1781.9625,3602.011197,1698.117826,1698.117826,-751.2999511,-751.2999511,-751.2999511,-171.2908683,-171.2908683,-171.2908683,-580.0090828,-580.0090828,-580.0090828,0,0,0,946.8178754
05-05-2016,1699.971625,-1629.019601,4092.221107,1699.971625,1699.971625,-443.7315439,-443.7315439,-443.7315439,155.7413792,155.7413792,155.7413792,-599.4729231,-599.4729231,-599.4729231,0,0,0,1256.240081
06-05-2016,1700.898525,-1277.647183,4238.616332,1700.898525,1700.898525,-184.9405732,-184.9405732,-184.9405732,419.7405272,419.7405272,419.7405272,-604.6811004,-604.6811004,-604.6811004,0,0,0,1515.957951
07-05-2016,1701.825424,-1563.713512,4023.566581,1701.825424,1701.825424,-584.4265304,-584.4265304,-584.4265304,21.96802764,21.96802764,21.96802764,-606.394558,-606.394558,-606.394558,0,0,0,1117.398894
08-05-2016,1702.752323,-1305.782216,3829.421885,1702.752323,1702.752323,-400.602276,-400.602276,-400.602276,203.7542451,203.7542451,203.7542451,-604.3565211,-604.3565211,-604.3565211,0,0,0,1302.150048
09-05-2016,1703.679223,-1361.747749,4210.83719,1703.679223,1703.679223,-186.8430978,-186.8430978,-186.8430978,411.5590087,411.5590087,411.5590087,-598.4021065,-598.4021065,-598.4021065,0,0,0,1516.836125
10-05-2016,1704.606122,-1784.10438,3743.800687,1704.606122,1704.606122,-759.7543791,-759.7543791,-759.7543791,-171.2908683,-171.2908683,-171.2908683,-588.4635108,-588.4635108,-588.4635108,0,0,0,944.8517432
11-05-2016,1705.533022,-2628.109433,2701.36503,1705.533022,1705.533022,-1616.044712,-1616.044712,-1616.044712,-1041.47232,-1041.47232,-1041.47232,-574.5723926,-574.5723926,-574.5723926,0,0,0,89.48830946
12-05-2016,1706.459921,-1269.886079,4282.989322,1706.459921,1706.459921,-401.1180503,-401.1180503,-401.1180503,155.7413792,155.7413792,155.7413792,-556.8594295,-556.8594295,-556.8594295,0,0,0,1305.341871
14-05-2016,1708.31372,-1641.35482,3823.431816,1708.31372,1708.31372,-488.9958718,-488.9958718,-488.9958718,21.96802764,21.96802764,21.96802764,-510.9638994,-510.9638994,-510.9638994,0,0,0,1219.317848
15-05-2016,1709.240619,-1209.163666,4165.056437,1709.240619,1709.240619,-279.7417355,-279.7417355,-279.7417355,203.7542451,203.7542451,203.7542451,-483.4959807,-483.4959807,-483.4959807,0,0,0,1429.498884
16-05-2016,1710.167519,-1194.308737,4420.065345,1710.167519,1710.167519,-42.05784666,-42.05784666,-42.05784666,411.5590087,411.5590087,411.5590087,-453.6168554,-453.6168554,-453.6168554,0,0,0,1668.109672
17-05-2016,1711.094418,-1526.243088,3961.772555,1711.094418,1711.094418,-593.145987,-593.145987,-593.145987,-171.2908683,-171.2908683,-171.2908683,-421.8551187,-421.8551187,-421.8551187,0,0,0,1117.948431
18-05-2016,1712.021317,-2740.164958,2978.682098,1712.021317,1712.021317,-1430.257108,-1430.257108,-1430.257108,-1041.47232,-1041.47232,-1041.47232,-388.784788,-388.784788,-388.784788,0,0,0,281.7642099
19-05-2016,1712.948217,-1083.258267,4305.850484,1712.948217,1712.948217,-199.2692086,-199.2692086,-199.2692086,155.7413792,155.7413792,155.7413792,-355.0105878,-355.0105878,-355.0105878,0,0,0,1513.679008
20-05-2016,1713.875116,-943.2266192,4319.336052,1713.875116,1713.875116,98.58790999,98.58790999,98.58790999,419.7405272,419.7405272,419.7405272,-321.1526172,-321.1526172,-321.1526172,0,0,0,1812.463026
21-05-2016,1714.806672,-1367.004822,4114.46239,1714.806672,1714.806672,-265.8628063,-265.8628063,-265.8628063,21.96802764,21.96802764,21.96802764,-287.8308339,-287.8308339,-287.8308339,0,0,0,1448.943866
22-05-2016,1715.738229,-1181.94092,4355.290608,1715.738229,1715.738229,-51.89554229,-51.89554229,-51.89554229,203.7542451,203.7542451,203.7542451,-255.6497874,-255.6497874,-255.6497874,0,0,0,1663.842686
23-05-2016,1716.669785,-881.6533512,4714.488844,1716.669785,1716.669785,186.3749954,186.3749954,186.3749954,411.5590087,411.5590087,411.5590087,-225.1840133,-225.1840133,-225.1840133,0,0,0,1903.04478
24-05-2016,1717.601341,-1334.612269,4048.041603,1717.601341,1717.601341,-368.2553474,-368.2553474,-368.2553474,-171.2908683,-171.2908683,-171.2908683,-196.9644791,-196.9644791,-196.9644791,0,0,0,1349.345994
25-05-2016,1718.532897,-2278.054233,3090.663225,1718.532897,1718.532897,-1212.938748,-1212.938748,-1212.938748,-1041.47232,-1041.47232,-1041.47232,-171.4664287,-171.4664287,-171.4664287,0,0,0,505.5941489
26-05-2016,1719.464453,-984.7310053,4517.890138,1719.464453,1719.464453,6.642449212,6.642449212,6.642449212,155.7413792,155.7413792,155.7413792,-149.09893,-149.09893,-149.09893,0,0,0,1726.106903
27-05-2016,1720.39601,-792.9731167,4886.209547,1720.39601,1720.39601,289.5441549,289.5441549,289.5441549,419.7405272,419.7405272,419.7405272,-130.1963723,-130.1963723,-130.1963723,0,0,0,2009.940165
28-05-2016,1721.327566,-1097.737651,4306.915071,1721.327566,1721.327566,-93.04407477,-93.04407477,-93.04407477,21.96802764,21.96802764,21.96802764,-115.0121024,-115.0121024,-115.0121024,0,0,0,1628.283491
29-05-2016,1722.259122,-982.5861703,4654.092757,1722.259122,1722.259122,100.0399224,100.0399224,100.0399224,203.7542451,203.7542451,203.7542451,-103.7143227,-103.7143227,-103.7143227,0,0,0,1822.299044
30-05-2016,1723.190678,-650.541579,4689.269808,1723.190678,1723.190678,315.1747015,315.1747015,315.1747015,411.5590087,411.5590087,411.5590087,-96.38430729,-96.38430729,-96.38430729,0,0,0,2038.36538
31-05-2016,1724.122234,-1327.433301,4133.367816,1724.122234,1724.122234,-264.3077959,-264.3077959,-264.3077959,-171.2908683,-171.2908683,-171.2908683,-93.01692765,-93.01692765,-93.01692765,0,0,0,1459.814438
02-06-2016,1725.985347,-1029.795406,4423.409888,1725.985347,1725.985347,58.0051692,58.0051692,58.0051692,155.7413792,155.7413792,155.7413792,-97.73621001,-97.73621001,-97.73621001,0,0,0,1783.990516
03-06-2016,1726.916903,-696.8758831,4624.398034,1726.916903,1726.916903,314.324778,314.324778,314.324778,419.7405272,419.7405272,419.7405272,-105.4157492,-105.4157492,-105.4157492,0,0,0,2041.241681
04-06-2016,1727.848459,-986.6151788,4416.624859,1727.848459,1727.848459,-94.29085234,-94.29085234,-94.29085234,21.96802764,21.96802764,21.96802764,-116.25888,-116.25888,-116.25888,0,0,0,1633.557607
05-06-2016,1728.780015,-873.1992812,4541.755395,1728.780015,1728.780015,73.84555462,73.84555462,73.84555462,203.7542451,203.7542451,203.7542451,-129.9086905,-129.9086905,-129.9086905,0,0,0,1802.62557
06-06-2016,1729.711572,-860.2973806,4884.581872,1729.711572,1729.711572,265.5936083,265.5936083,265.5936083,411.5590087,411.5590087,411.5590087,-145.9654004,-145.9654004,-145.9654004,0,0,0,1995.30518
07-06-2016,1730.643128,-1189.763144,4228.298261,1730.643128,1730.643128,-335.2888588,-335.2888588,-335.2888588,-171.2908683,-171.2908683,-171.2908683,-163.9979906,-163.9979906,-163.9979906,0,0,0,1395.354269
09-06-2016,1732.50624,-844.8838356,4600.540357,1732.50624,1732.50624,-48.44132565,-48.44132565,-48.44132565,155.7413792,155.7413792,155.7413792,-204.1827049,-204.1827049,-204.1827049,0,0,0,1684.064914
10-06-2016,1733.437796,-812.3669978,4766.650408,1733.437796,1733.437796,194.3158792,194.3158792,194.3158792,419.7405272,419.7405272,419.7405272,-225.424648,-225.424648,-225.424648,0,0,0,1927.753675
11-06-2016,1734.369353,-1185.438959,4344.858105,1734.369353,1734.369353,-224.876991,-224.876991,-224.876991,21.96802764,21.96802764,21.96802764,-246.8450186,-246.8450186,-246.8450186,0,0,0,1509.492362
12-06-2016,1735.300909,-1132.119501,4357.888374,1735.300909,1735.300909,-64.27852233,-64.27852233,-64.27852233,203.7542451,203.7542451,203.7542451,-268.0327675,-268.0327675,-268.0327675,0,0,0,1671.022386
13-06-2016,1736.232465,-903.7311168,4659.162977,1736.232465,1736.232465,122.947117,122.947117,122.947117,411.5590087,411.5590087,411.5590087,-288.6118918,-288.6118918,-288.6118918,0,0,0,1859.179582
14-06-2016,1737.164021,-1360.881453,4040.881622,1737.164021,1737.164021,-479.5399781,-479.5399781,-479.5399781,-171.2908683,-171.2908683,-171.2908683,-308.2491098,-308.2491098,-308.2491098,0,0,0,1257.624043
15-06-2016,1738.095577,-2394.012805,3101.638808,1738.095577,1738.095577,-1368.132299,-1368.132299,-1368.132299,-1041.47232,-1041.47232,-1041.47232,-326.6599791,-326.6599791,-326.6599791,0,0,0,369.9632785
16-06-2016,1739.027133,-1015.137387,4365.752847,1739.027133,1739.027133,-187.8719624,-187.8719624,-187.8719624,155.7413792,155.7413792,155.7413792,-343.6133416,-343.6133416,-343.6133416,0,0,0,1551.155171
17-06-2016,1739.95869,-848.4119017,4479.59881,1739.95869,1739.95869,60.80649741,60.80649741,60.80649741,419.7405272,419.7405272,419.7405272,-358.9340298,-358.9340298,-358.9340298,0,0,0,1800.765187
18-06-2016,1740.890246,-1261.993999,4222.775922,1740.890246,1740.890246,-350.5357978,-350.5357978,-350.5357978,21.96802764,21.96802764,21.96802764,-372.5038254,-372.5038254,-372.5038254,0,0,0,1390.354448
19-06-2016,1741.821802,-1240.201038,4300.929644,1741.821802,1741.821802,-180.5064658,-180.5064658,-180.5064658,203.7542451,203.7542451,203.7542451,-384.260711,-384.260711,-384.260711,0,0,0,1561.315336
20-06-2016,1742.753358,-926.4815263,4566.11999,1742.753358,1742.753358,17.36250154,17.36250154,17.36250154,411.5590087,411.5590087,411.5590087,-394.1965072,-394.1965072,-394.1965072,0,0,0,1760.11586
21-06-2016,1743.684914,-1786.69007,3716.523273,1743.684914,1743.684914,-573.6439031,-573.6439031,-573.6439031,-171.2908683,-171.2908683,-171.2908683,-402.3530348,-402.3530348,-402.3530348,0,0,0,1170.041011
23-06-2016,1745.548027,-1234.160973,4228.252404,1745.548027,1745.548027,-257.9722865,-257.9722865,-257.9722865,155.7413792,155.7413792,155.7413792,-413.7136657,-413.7136657,-413.7136657,0,0,0,1487.57574
24-06-2016,1746.479583,-970.6696396,4476.398443,1746.479583,1746.479583,2.54052517,2.54052517,2.54052517,419.7405272,419.7405272,419.7405272,-417.200002,-417.200002,-417.200002,0,0,0,1749.020108
25-06-2016,1747.411139,-1406.833627,4258.455863,1747.411139,1747.411139,-397.4887871,-397.4887871,-397.4887871,21.96802764,21.96802764,21.96802764,-419.4568148,-419.4568148,-419.4568148,0,0,0,1349.922352
26-06-2016,1748.342695,-1130.826473,4237.74691,1748.342695,1748.342695,-216.9266344,-216.9266344,-216.9266344,203.7542451,203.7542451,203.7542451,-420.6808795,-420.6808795,-420.6808795,0,0,0,1531.416061
27-06-2016,1749.274252,-993.3831866,4512.534994,1749.274252,1749.274252,-9.517884245,-9.517884245,-9.517884245,411.5590087,411.5590087,411.5590087,-421.076893,-421.076893,-421.076893,0,0,0,1739.756367
28-06-2016,1750.205808,-1391.91144,3760.191469,1750.205808,1750.205808,-592.1405255,-592.1405255,-592.1405255,-171.2908683,-171.2908683,-171.2908683,-420.8496573,-420.8496573,-420.8496573,0,0,0,1158.065282
29-06-2016,1751.137364,-2298.945472,3077.268475,1751.137364,1751.137364,-1461.66904,-1461.66904,-1461.66904,-1041.47232,-1041.47232,-1041.47232,-420.1967205,-420.1967205,-420.1967205,0,0,0,289.4683239
30-06-2016,1752.06892,-1213.843843,4259.136925,1752.06892,1752.06892,-263.5603197,-263.5603197,-263.5603197,155.7413792,155.7413792,155.7413792,-419.3016989,-419.3016989,-419.3016989,0,0,0,1488.5086
01-07-2016,1753.000476,-1032.568297,4462.305084,1753.000476,1753.000476,1.412051977,1.412051977,1.412051977,419.7405272,419.7405272,419.7405272,-418.3284752,-418.3284752,-418.3284752,0,0,0,1754.412528
02-07-2016,1753.932033,-1456.743683,3994.698652,1753.932033,1753.932033,-395.4484051,-395.4484051,-395.4484051,21.96802764,21.96802764,21.96802764,-417.4164328,-417.4164328,-417.4164328,0,0,0,1358.483627
03-07-2016,1754.876356,-1034.443163,4203.228883,1754.876356,1754.876356,-212.922603,-212.922603,-212.922603,203.7542451,203.7542451,203.7542451,-416.6768482,-416.6768482,-416.6768482,0,0,0,1541.953753
04-07-2016,1755.820679,-954.5072472,4307.31682,1755.820679,1755.820679,-4.631511224,-4.631511224,-4.631511224,411.5590087,411.5590087,411.5590087,-416.19052,-416.19052,-416.19052,0,0,0,1751.189168
07-07-2016,1758.653648,-1181.339175,4173.441532,1758.653648,1758.653648,-260.8462277,-260.8462277,-260.8462277,155.7413792,155.7413792,155.7413792,-416.5876069,-416.5876069,-416.5876069,0,0,0,1497.80742
08-07-2016,1759.597971,-986.409795,4535.146214,1759.597971,1759.597971,2.440121534,2.440121534,2.440121534,419.7405272,419.7405272,419.7405272,-417.3004056,-417.3004056,-417.3004056,0,0,0,1762.038093
09-07-2016,1760.542294,-1222.567645,4214.792646,1760.542294,1760.542294,-396.2496648,-396.2496648,-396.2496648,21.96802764,21.96802764,21.96802764,-418.2176925,-418.2176925,-418.2176925,0,0,0,1364.29263
10-07-2016,1761.486618,-1074.809712,4180.777791,1761.486618,1761.486618,-215.5016855,-215.5016855,-215.5016855,203.7542451,203.7542451,203.7542451,-419.2559307,-419.2559307,-419.2559307,0,0,0,1545.984932
12-07-2016,1763.375264,-1694.92387,3965.301779,1763.375264,1763.375264,-592.5836029,-592.5836029,-592.5836029,-171.2908683,-171.2908683,-171.2908683,-421.2927346,-421.2927346,-421.2927346,0,0,0,1170.791661
14-07-2016,1765.26391,-1141.925717,4324.481388,1765.26391,1765.26391,-266.804698,-266.804698,-266.804698,155.7413792,155.7413792,155.7413792,-422.5460772,-422.5460772,-422.5460772,0,0,0,1498.459212
15-07-2016,1766.208233,-940.7893667,4591.057522,1766.208233,1766.208233,-2.87143446,-2.87143446,-2.87143446,419.7405272,419.7405272,419.7405272,-422.6119616,-422.6119616,-422.6119616,0,0,0,1763.336799
16-07-2016,1767.152556,-1437.912948,4263.069472,1767.152556,1767.152556,-400.2121345,-400.2121345,-400.2121345,21.96802764,21.96802764,21.96802764,-422.1801621,-422.1801621,-422.1801621,0,0,0,1366.940422
17-07-2016,1768.096879,-1189.727982,4290.332368,1768.096879,1768.096879,-217.4233265,-217.4233265,-217.4233265,203.7542451,203.7542451,203.7542451,-421.1775717,-421.1775717,-421.1775717,0,0,0,1550.673553
18-07-2016,1769.041202,-1135.519483,4403.755253,1769.041202,1769.041202,-7.992329722,-7.992329722,-7.992329722,411.5590087,411.5590087,411.5590087,-419.5513385,-419.5513385,-419.5513385,0,0,0,1761.048873
19-07-2016,1769.985526,-1614.95519,3926.160205,1769.985526,1769.985526,-588.562374,-588.562374,-588.562374,-171.2908683,-171.2908683,-171.2908683,-417.2715058,-417.2715058,-417.2715058,0,0,0,1181.423152
20-07-2016,1770.929849,-2442.643213,3028.81082,1770.929849,1770.929849,-1455.804931,-1455.804931,-1455.804931,-1041.47232,-1041.47232,-1041.47232,-414.3326113,-414.3326113,-414.3326113,0,0,0,315.1249179
21-07-2016,1771.874172,-1382.509789,4140.014074,1771.874172,1771.874172,-255.0127957,-255.0127957,-255.0127957,155.7413792,155.7413792,155.7413792,-410.7541749,-410.7541749,-410.7541749,0,0,0,1516.861376
22-07-2016,1772.818495,-1068.423654,4449.697743,1772.818495,1772.818495,13.16048347,13.16048347,13.16048347,419.7405272,419.7405272,419.7405272,-406.5800437,-406.5800437,-406.5800437,0,0,0,1785.978978
23-07-2016,1773.762818,-1378.861222,4315.725891,1773.762818,1773.762818,-379.9085734,-379.9085734,-379.9085734,21.96802764,21.96802764,21.96802764,-401.876601,-401.876601,-401.876601,0,0,0,1393.854245
24-07-2016,1774.707141,-1179.594407,4454.052722,1774.707141,1774.707141,-192.9756449,-192.9756449,-192.9756449,203.7542451,203.7542451,203.7542451,-396.7298901,-396.7298901,-396.7298901,0,0,0,1581.731496
25-07-2016,1775.651464,-925.5401398,4561.056081,1775.651464,1775.651464,20.31727175,20.31727175,20.31727175,411.5590087,411.5590087,411.5590087,-391.241737,-391.241737,-391.241737,0,0,0,1795.968736
28-07-2016,1778.484434,-1270.263029,4437.736819,1778.484434,1778.484434,-218.1375308,-218.1375308,-218.1375308,155.7413792,155.7413792,155.7413792,-373.87891,-373.87891,-373.87891,0,0,0,1560.346903
29-07-2016,1779.428757,-903.6102131,4397.68524,1779.428757,1779.428757,51.56191246,51.56191246,51.56191246,419.7405272,419.7405272,419.7405272,-368.1786147,-368.1786147,-368.1786147,0,0,0,1830.990669
30-07-2016,1780.37308,-1330.090137,4174.512928,1780.37308,1780.37308,-340.726969,-340.726969,-340.726969,21.96802764,21.96802764,21.96802764,-362.6949966,-362.6949966,-362.6949966,0,0,0,1439.646111
31-07-2016,1781.317403,-1166.290963,4193.037675,1781.317403,1781.317403,-153.7519399,-153.7519399,-153.7519399,203.7542451,203.7542451,203.7542451,-357.5061851,-357.5061851,-357.5061851,0,0,0,1627.565463
01-08-2016,1782.261726,-782.3229421,4700.085701,1782.261726,1782.261726,58.89441942,58.89441942,58.89441942,411.5590087,411.5590087,411.5590087,-352.6645893,-352.6645893,-352.6645893,0,0,0,1841.156146
02-08-2016,1783.206049,-1541.716771,4220.921489,1783.206049,1783.206049,-519.4822794,-519.4822794,-519.4822794,-171.2908683,-171.2908683,-171.2908683,-348.1914111,-348.1914111,-348.1914111,0,0,0,1263.72377
03-08-2016,1784.150372,-2256.191646,3012.719771,1784.150372,1784.150372,-1385.544239,-1385.544239,-1385.544239,-1041.47232,-1041.47232,-1041.47232,-344.0719197,-344.0719197,-344.0719197,0,0,0,398.6061331
04-08-2016,1785.094696,-1079.526868,4242.206422,1785.094696,1785.094696,-184.5102987,-184.5102987,-184.5102987,155.7413792,155.7413792,155.7413792,-340.2516779,-340.2516779,-340.2516779,0,0,0,1600.584397
05-08-2016,1786.039019,-919.434512,4709.075092,1786.039019,1786.039019,83.10664296,83.10664296,83.10664296,419.7405272,419.7405272,419.7405272,-336.6338842,-336.6338842,-336.6338842,0,0,0,1869.145662
06-08-2016,1786.983342,-1270.471559,4087.560249,1786.983342,1786.983342,-311.1099351,-311.1099351,-311.1099351,21.96802764,21.96802764,21.96802764,-333.0779628,-333.0779628,-333.0779628,0,0,0,1475.873407
07-08-2016,1787.927665,-1052.005567,4412.260549,1787.927665,1787.927665,-125.6452549,-125.6452549,-125.6452549,203.7542451,203.7542451,203.7542451,-329.3995,-329.3995,-329.3995,0,0,0,1662.28241
08-08-2016,1788.871988,-845.5446925,4434.919828,1788.871988,1788.871988,86.1874212,86.1874212,86.1874212,411.5590087,411.5590087,411.5590087,-325.3715876,-325.3715876,-325.3715876,0,0,0,1875.059409
09-08-2016,1789.816311,-1568.719603,3744.554884,1789.816311,1789.816311,-492.0184593,-492.0184593,-492.0184593,-171.2908683,-171.2908683,-171.2908683,-320.727591,-320.727591,-320.727591,0,0,0,1297.797852
11-08-2016,1791.704957,-1192.781253,4374.374824,1791.704957,1791.704957,-152.6111733,-152.6111733,-152.6111733,155.7413792,155.7413792,155.7413792,-308.3525525,-308.3525525,-308.3525525,0,0,0,1639.093784
12-08-2016,1792.649281,-943.7599127,4543.739724,1792.649281,1792.649281,119.8067662,119.8067662,119.8067662,419.7405272,419.7405272,419.7405272,-299.933761,-299.933761,-299.933761,0,0,0,1912.456047
13-08-2016,1793.593604,-1318.133519,4144.140464,1793.593604,1793.593604,-267.5699548,-267.5699548,-267.5699548,21.96802764,21.96802764,21.96802764,-289.5379824,-289.5379824,-289.5379824,0,0,0,1526.023649
14-08-2016,1794.537927,-1013.205328,4565.808136,1794.537927,1794.537927,-73.03333002,-73.03333002,-73.03333002,203.7542451,203.7542451,203.7542451,-276.7875752,-276.7875752,-276.7875752,0,0,0,1721.504597
15-08-2016,1795.48225,-700.6552879,4797.33795,1795.48225,1795.48225,150.2512998,150.2512998,150.2512998,411.5590087,411.5590087,411.5590087,-261.307709,-261.307709,-261.307709,0,0,0,1945.73355
16-08-2016,1796.426573,-1254.790688,4170.051008,1796.426573,1796.426573,-414.027213,-414.027213,-414.027213,-171.2908683,-171.2908683,-171.2908683,-242.7363448,-242.7363448,-242.7363448,0,0,0,1382.39936
17-08-2016,1797.370896,-2215.440544,3478.766423,1797.370896,1797.370896,-1262.206781,-1262.206781,-1262.206781,-1041.47232,-1041.47232,-1041.47232,-220.7344612,-220.7344612,-220.7344612,0,0,0,535.1641153
18-08-2016,1798.348937,-1079.902035,4516.612267,1798.348937,1798.348937,-39.25489367,-39.25489367,-39.25489367,155.7413792,155.7413792,155.7413792,-194.9962729,-194.9962729,-194.9962729,0,0,0,1759.094043
19-08-2016,1799.326977,-467.6856774,4897.831281,1799.326977,1799.326977,254.4813483,254.4813483,254.4813483,419.7405272,419.7405272,419.7405272,-165.2591789,-165.2591789,-165.2591789,0,0,0,2053.808325
20-08-2016,1800.305017,-1015.192033,4407.685615,1800.305017,1800.305017,-109.3451575,-109.3451575,-109.3451575,21.96802764,21.96802764,21.96802764,-131.3131851,-131.3131851,-131.3131851,0,0,0,1690.95986
21-08-2016,1801.283058,-795.3102956,4809.99342,1801.283058,1801.283058,110.7446943,110.7446943,110.7446943,203.7542451,203.7542451,203.7542451,-93.00955085,-93.00955085,-93.00955085,0,0,0,1912.027752
22-08-2016,1802.261098,-555.764355,4905.121225,1802.261098,1802.261098,361.2905807,361.2905807,361.2905807,411.5590087,411.5590087,411.5590087,-50.26842806,-50.26842806,-50.26842806,0,0,0,2163.551679
23-08-2016,1803.239138,-862.9912079,4413.15886,1803.239138,1803.239138,-174.3761511,-174.3761511,-174.3761511,-171.2908683,-171.2908683,-171.2908683,-3.085282794,-3.085282794,-3.085282794,0,0,0,1628.862987
26-08-2016,1806.173259,-284.9138799,5041.70768,1806.173259,1806.173259,583.6779925,583.6779925,583.6779925,419.7405272,419.7405272,419.7405272,163.9374654,163.9374654,163.9374654,0,0,0,2389.851252
27-08-2016,1807.1513,-720.4836231,4904.809006,1807.1513,1807.1513,249.2534255,249.2534255,249.2534255,21.96802764,21.96802764,21.96802764,227.2853978,227.2853978,227.2853978,0,0,0,2056.404725
28-08-2016,1808.12934,-509.4765388,5041.087224,1808.12934,1808.12934,497.603296,497.603296,497.603296,203.7542451,203.7542451,203.7542451,293.8490509,293.8490509,293.8490509,0,0,0,2305.732636
29-08-2016,1809.10738,-161.329826,5274.068789,1809.10738,1809.10738,774.6921667,774.6921667,774.6921667,411.5590087,411.5590087,411.5590087,363.1331579,363.1331579,363.1331579,0,0,0,2583.799547
30-08-2016,1810.085421,-792.7936249,4742.357051,1810.085421,1810.085421,263.2763557,263.2763557,263.2763557,-171.2908683,-171.2908683,-171.2908683,434.567224,434.567224,434.567224,0,0,0,2073.361777
31-08-2016,1811.063461,-1566.467683,3992.4785,1811.063461,1811.063461,-533.9599294,-533.9599294,-533.9599294,-1041.47232,-1041.47232,-1041.47232,507.5123902,507.5123902,507.5123902,0,0,0,1277.103532
01-09-2016,1812.041502,-113.4263955,5257.630331,1812.041502,1812.041502,737.011198,737.011198,737.011198,155.7413792,155.7413792,155.7413792,581.2698188,581.2698188,581.2698188,0,0,0,2549.0527
02-09-2016,1813.019542,365.9387697,5751.726076,1813.019542,1813.019542,1074.830971,1074.830971,1074.830971,419.7405272,419.7405272,419.7405272,655.0904442,655.0904442,655.0904442,0,0,0,2887.850513
03-09-2016,1813.997582,-212.2829561,5316.981301,1813.997582,1813.997582,750.1539312,750.1539312,750.1539312,21.96802764,21.96802764,21.96802764,728.1859036,728.1859036,728.1859036,0,0,0,2564.151514
04-09-2016,1814.975623,52.01647757,5526.549464,1814.975623,1814.975623,1003.494684,1003.494684,1003.494684,203.7542451,203.7542451,203.7542451,799.7404389,799.7404389,799.7404389,0,0,0,2818.470307
05-09-2016,1815.953663,365.587837,5606.043762,1815.953663,1815.953663,1280.482549,1280.482549,1280.482549,411.5590087,411.5590087,411.5590087,868.9235403,868.9235403,868.9235403,0,0,0,3096.436212
06-09-2016,1816.931703,17.4100798,5308.635538,1816.931703,1816.931703,763.6122199,763.6122199,763.6122199,-171.2908683,-171.2908683,-171.2908683,934.9030882,934.9030882,934.9030882,0,0,0,2580.543923
08-09-2016,1818.887784,333.2317157,5809.211707,1818.887784,1818.887784,1209.736712,1209.736712,1209.736712,155.7413792,155.7413792,155.7413792,1053.995333,1053.995333,1053.995333,0,0,0,3028.624496
09-09-2016,1819.865824,594.3128141,6084.826123,1819.865824,1819.865824,1525.296503,1525.296503,1525.296503,419.7405272,419.7405272,419.7405272,1105.555976,1105.555976,1105.555976,0,0,0,3345.162328
10-09-2016,1820.843865,355.6798997,5785.244026,1820.843865,1820.843865,1172.802749,1172.802749,1172.802749,21.96802764,21.96802764,21.96802764,1150.834721,1150.834721,1150.834721,0,0,0,2993.646614
11-09-2016,1821.821905,482.3138584,5962.943813,1821.821905,1821.821905,1392.942699,1392.942699,1392.942699,203.7542451,203.7542451,203.7542451,1189.188454,1189.188454,1189.188454,0,0,0,3214.764604
12-09-2016,1822.799946,616.3944007,6112.241427,1822.799946,1822.799946,1631.606882,1631.606882,1631.606882,411.5590087,411.5590087,411.5590087,1220.047873,1220.047873,1220.047873,0,0,0,3454.406828
13-09-2016,1823.777986,146.0485043,5431.811418,1823.777986,1823.777986,1071.636485,1071.636485,1071.636485,-171.2908683,-171.2908683,-171.2908683,1242.927354,1242.927354,1242.927354,0,0,0,2895.414471
14-09-2016,1824.756026,-694.0308147,4770.311729,1824.756026,1824.756026,215.9612008,215.9612008,215.9612008,-1041.47232,-1041.47232,-1041.47232,1257.43352,1257.43352,1257.43352,0,0,0,2040.717227
15-09-2016,1825.734067,508.1304657,5924.230322,1825.734067,1825.734067,1419.013795,1419.013795,1419.013795,155.7413792,155.7413792,155.7413792,1263.272416,1263.272416,1263.272416,0,0,0,3244.747862
16-09-2016,1826.712107,860.9792932,6289.741694,1826.712107,1826.712107,1679.995673,1679.995673,1679.995673,419.7405272,419.7405272,419.7405272,1260.255146,1260.255146,1260.255146,0,0,0,3506.70778
17-09-2016,1827.690147,322.6281242,5913.973771,1827.690147,1827.690147,1270.269963,1270.269963,1270.269963,21.96802764,21.96802764,21.96802764,1248.301936,1248.301936,1248.301936,0,0,0,3097.960111
18-09-2016,1828.668188,459.9040832,6008.900558,1828.668188,1828.668188,1431.19879,1431.19879,1431.19879,203.7542451,203.7542451,203.7542451,1227.444545,1227.444545,1227.444545,0,0,0,3259.866978
19-09-2016,1829.646228,781.3015189,6065.930041,1829.646228,1829.646228,1609.386046,1609.386046,1609.386046,411.5590087,411.5590087,411.5590087,1197.827037,1197.827037,1197.827037,0,0,0,3439.032274
20-09-2016,1830.624268,-128.2716774,5787.812596,1830.624268,1830.624268,988.4140435,988.4140435,988.4140435,-171.2908683,-171.2908683,-171.2908683,1159.704912,1159.704912,1159.704912,0,0,0,2819.038312
22-09-2016,1832.580349,184.0999548,5559.810022,1832.580349,1832.580349,1215.251028,1215.251028,1215.251028,155.7413792,155.7413792,155.7413792,1059.509649,1059.509649,1059.509649,0,0,0,3047.831377
23-09-2016,1833.55839,543.4875282,6162.617087,1833.55839,1833.55839,1418.215445,1418.215445,1418.215445,419.7405272,419.7405272,419.7405272,998.4749181,998.4749181,998.4749181,0,0,0,3251.773835
24-09-2016,1834.53643,16.67135526,5421.268631,1834.53643,1834.53643,952.9681848,952.9681848,952.9681848,21.96802764,21.96802764,21.96802764,931.0001571,931.0001571,931.0001571,0,0,0,2787.504615
25-09-2016,1835.51447,379.8641117,5360.970219,1835.51447,1835.51447,1061.586062,1061.586062,1061.586062,203.7542451,203.7542451,203.7542451,857.8318172,857.8318172,857.8318172,0,0,0,2897.100533
26-09-2016,1836.492511,454.3147783,5758.103337,1836.492511,1836.492511,1191.351002,1191.351002,1191.351002,411.5590087,411.5590087,411.5590087,779.7919931,779.7919931,779.7919931,0,0,0,3027.843512
27-09-2016,1837.470551,-372.8769543,5002.92571,1837.470551,1837.470551,526.477512,526.477512,526.477512,-171.2908683,-171.2908683,-171.2908683,697.7683803,697.7683803,697.7683803,0,0,0,2363.948063
28-09-2016,1838.448591,-1299.931152,4044.028058,1838.448591,1838.448591,-428.7688897,-428.7688897,-428.7688897,-1041.47232,-1041.47232,-1041.47232,612.7034299,612.7034299,612.7034299,0,0,0,1409.679702
29-09-2016,1839.426632,-378.6148075,4979.590619,1839.426632,1839.426632,681.3242346,681.3242346,681.3242346,155.7413792,155.7413792,155.7413792,525.5828554,525.5828554,525.5828554,0,0,0,2520.750866
30-09-2016,1840.404672,143.3116941,5586.41434,1840.404672,1840.404672,857.1641682,857.1641682,857.1641682,419.7405272,419.7405272,419.7405272,437.423641,437.423641,437.423641,0,0,0,2697.56884
01-10-2016,1841.387682,-407.8719192,5006.877417,1841.387682,1841.387682,371.229731,371.229731,371.229731,21.96802764,21.96802764,21.96802764,349.2617034,349.2617034,349.2617034,0,0,0,2212.617413
02-10-2016,1842.370691,-457.5303889,5089.988378,1842.370691,1842.370691,465.8936006,465.8936006,465.8936006,203.7542451,203.7542451,203.7542451,262.1393555,262.1393555,262.1393555,0,0,0,2308.264292
03-10-2016,1843.353701,-333.328067,5189.741831,1843.353701,1843.353701,588.6517261,588.6517261,588.6517261,411.5590087,411.5590087,411.5590087,177.0927173,177.0927173,177.0927173,0,0,0,2432.005427
04-10-2016,1844.336711,-992.1769756,4544.563514,1844.336711,1844.336711,-76.15165557,-76.15165557,-76.15165557,-171.2908683,-171.2908683,-171.2908683,95.13921271,95.13921271,95.13921271,0,0,0,1768.185055
06-10-2016,1846.30273,-900.7010669,4830.355386,1846.30273,1846.30273,100.155851,100.155851,100.155851,155.7413792,155.7413792,155.7413792,-55.58552822,-55.58552822,-55.58552822,0,0,0,1946.458581
07-10-2016,1847.28574,-742.6885888,4812.651395,1847.28574,1847.28574,297.216454,297.216454,297.216454,419.7405272,419.7405272,419.7405272,-122.5240731,-122.5240731,-122.5240731,0,0,0,2144.502194
08-10-2016,1848.268749,-1034.750522,4312.977964,1848.268749,1848.268749,-160.7584086,-160.7584086,-160.7584086,21.96802764,21.96802764,21.96802764,-182.7264363,-182.7264363,-182.7264363,0,0,0,1687.510341
09-10-2016,1849.251759,-912.5846652,4493.895347,1849.251759,1849.251759,-31.68987995,-31.68987995,-31.68987995,203.7542451,203.7542451,203.7542451,-235.4441251,-235.4441251,-235.4441251,0,0,0,1817.561879
10-10-2016,1850.234768,-753.4133731,4447.038787,1850.234768,1850.234768,131.5455766,131.5455766,131.5455766,411.5590087,411.5590087,411.5590087,-280.0134321,-280.0134321,-280.0134321,0,0,0,1981.780345
11-10-2016,1851.217778,-1177.752793,4173.845681,1851.217778,1851.217778,-487.1547607,-487.1547607,-487.1547607,-171.2908683,-171.2908683,-171.2908683,-315.8638924,-315.8638924,-315.8638924,0,0,0,1364.063017
13-10-2016,1853.183797,-1019.237014,4305.940209,1853.183797,1853.183797,-203.8948641,-203.8948641,-203.8948641,155.7413792,155.7413792,155.7413792,-359.6362433,-359.6362433,-359.6362433,0,0,0,1649.288933
14-10-2016,1854.166807,-700.5115737,4691.199367,1854.166807,1854.166807,52.79560711,52.79560711,52.79560711,419.7405272,419.7405272,419.7405272,-366.9449201,-366.9449201,-366.9449201,0,0,0,1906.962414
15-10-2016,1855.149817,-1153.146404,4439.625804,1855.149817,1855.149817,-342.3493776,-342.3493776,-342.3493776,21.96802764,21.96802764,21.96802764,-364.3174052,-364.3174052,-364.3174052,0,0,0,1512.800439
16-10-2016,1856.132826,-928.3213719,4226.665668,1856.132826,1856.132826,-147.9837999,-147.9837999,-147.9837999,203.7542451,203.7542451,203.7542451,-351.738045,-351.738045,-351.738045,0,0,0,1708.149026
17-10-2016,1857.115836,-672.8673044,4718.587711,1857.115836,1857.115836,82.24794535,82.24794535,82.24794535,411.5590087,411.5590087,411.5590087,-329.3110634,-329.3110634,-329.3110634,0,0,0,1939.363781
18-10-2016,1858.098846,-1381.96798,4255.034244,1858.098846,1858.098846,-468.5511428,-468.5511428,-468.5511428,-171.2908683,-171.2908683,-171.2908683,-297.2602745,-297.2602745,-297.2602745,0,0,0,1389.547703
20-10-2016,1860.064865,-841.4575128,4540.692359,1860.064865,1860.064865,-50.02683083,-50.02683083,-50.02683083,155.7413792,155.7413792,155.7413792,-205.76821,-205.76821,-205.76821,0,0,0,1810.038034
21-10-2016,1861.047875,-684.6123591,4871.283676,1861.047875,1861.047875,272.3918033,272.3918033,272.3918033,419.7405272,419.7405272,419.7405272,-147.3487239,-147.3487239,-147.3487239,0,0,0,2133.439678
22-10-2016,1862.030884,-826.1293602,4452.785009,1862.030884,1862.030884,-59.36969448,-59.36969448,-59.36969448,21.96802764,21.96802764,21.96802764,-81.33772211,-81.33772211,-81.33772211,0,0,0,1802.66119
23-10-2016,1863.013894,-575.5312252,4819.1266,1863.013894,1863.013894,195.2549002,195.2549002,195.2549002,203.7542451,203.7542451,203.7542451,-8.499344964,-8.499344964,-8.499344964,0,0,0,2058.268794
24-10-2016,1863.996903,-319.3810717,5116.139473,1863.996903,1863.996903,481.8754364,481.8754364,481.8754364,411.5590087,411.5590087,411.5590087,70.31642769,70.31642769,70.31642769,0,0,0,2345.87234
25-10-2016,1864.979913,-808.6103418,4670.868204,1864.979913,1864.979913,-17.10627426,-17.10627426,-17.10627426,-171.2908683,-171.2908683,-171.2908683,154.184594,154.184594,154.184594,0,0,0,1847.873639
27-10-2016,1866.945932,-481.1088224,4924.896439,1866.945932,1866.945932,488.8183122,488.8183122,488.8183122,155.7413792,155.7413792,155.7413792,333.076933,333.076933,333.076933,0,0,0,2355.764245
28-10-2016,1867.928942,-122.817094,5367.344872,1867.928942,1867.928942,845.7314292,845.7314292,845.7314292,419.7405272,419.7405272,419.7405272,425.9909021,425.9909021,425.9909021,0,0,0,2713.660371
29-10-2016,1868.911952,-363.6486432,4940.613511,1868.911952,1868.911952,541.7344312,541.7344312,541.7344312,21.96802764,21.96802764,21.96802764,519.7664036,519.7664036,519.7664036,0,0,0,2410.646383
30-10-2016,1869.894961,-154.1941252,5471.619503,1869.894961,1869.894961,817.0607355,817.0607355,817.0607355,203.7542451,203.7542451,203.7542451,613.3064903,613.3064903,613.3064903,0,0,0,2686.955697
31-10-2016,1870.877971,238.4183329,5751.745107,1870.877971,1870.877971,1117.085309,1117.085309,1117.085309,411.5590087,411.5590087,411.5590087,705.5263004,705.5263004,705.5263004,0,0,0,2987.96328
01-11-2016,1871.860981,-429.0307177,5316.026716,1871.860981,1871.860981,624.0786307,624.0786307,624.0786307,-171.2908683,-171.2908683,-171.2908683,795.3694989,795.3694989,795.3694989,0,0,0,2495.939611
03-11-2016,1873.827,126.9157867,5848.406309,1873.827,1873.827,1119.682394,1119.682394,1119.682394,155.7413792,155.7413792,155.7413792,963.9410144,963.9410144,963.9410144,0,0,0,2993.509393
04-11-2016,1874.810009,482.7710916,6068.604061,1874.810009,1874.810009,1460.584661,1460.584661,1460.584661,419.7405272,419.7405272,419.7405272,1040.844133,1040.844133,1040.844133,0,0,0,3335.39467
05-11-2016,1875.793019,294.6000012,5619.794192,1875.793019,1875.793019,1133.717838,1133.717838,1133.717838,21.96802764,21.96802764,21.96802764,1111.74981,1111.74981,1111.74981,0,0,0,3009.510857
06-11-2016,1876.776029,608.7901756,5984.243,1876.776029,1876.776029,1379.731525,1379.731525,1379.731525,203.7542451,203.7542451,203.7542451,1175.97728,1175.97728,1175.97728,0,0,0,3256.507554
07-11-2016,1877.759038,789.1267175,6246.961248,1877.759038,1877.759038,1644.519642,1644.519642,1644.519642,411.5590087,411.5590087,411.5590087,1232.960634,1232.960634,1232.960634,0,0,0,3522.278681
08-11-2016,1878.742048,210.4931673,5794.886426,1878.742048,1878.742048,1110.967565,1110.967565,1110.967565,-171.2908683,-171.2908683,-171.2908683,1282.258434,1282.258434,1282.258434,0,0,0,2989.709614
09-11-2016,1879.725058,-577.1422211,4871.04358,1879.725058,1879.725058,282.0889312,282.0889312,282.0889312,-1041.47232,-1041.47232,-1041.47232,1323.561251,1323.561251,1323.561251,0,0,0,2161.813989
10-11-2016,1880.708067,502.7226403,6052.910586,1880.708067,1880.708067,1512.43828,1512.43828,1512.43828,155.7413792,155.7413792,155.7413792,1356.696901,1356.696901,1356.696901,0,0,0,3393.146347
11-11-2016,1881.691077,978.4054409,6472.069475,1881.691077,1881.691077,1801.373729,1801.373729,1801.373729,419.7405272,419.7405272,419.7405272,1381.633202,1381.633202,1381.633202,0,0,0,3683.064806
12-11-2016,1882.674087,596.5982864,5952.445742,1882.674087,1882.674087,1420.446144,1420.446144,1420.446144,21.96802764,21.96802764,21.96802764,1398.478117,1398.478117,1398.478117,0,0,0,3303.120231
13-11-2016,1883.657096,691.7235164,6221.63361,1883.657096,1883.657096,1611.231439,1611.231439,1611.231439,203.7542451,203.7542451,203.7542451,1407.477193,1407.477193,1407.477193,0,0,0,3494.888535
14-11-2016,1884.64016,1108.722016,6663.297021,1884.64016,1884.64016,1820.567277,1820.567277,1820.567277,411.5590087,411.5590087,411.5590087,1409.008269,1409.008269,1409.008269,0,0,0,3705.207438
15-11-2016,1885.623224,294.7657837,6017.644008,1885.623224,1885.623224,1232.282592,1232.282592,1232.282592,-171.2908683,-171.2908683,-171.2908683,1403.57346,1403.57346,1403.57346,0,0,0,3117.905816
16-11-2016,1886.606288,-357.8191,4783.074906,1886.606288,1886.606288,350.3162133,350.3162133,350.3162133,-1041.47232,-1041.47232,-1041.47232,1391.788533,1391.788533,1391.788533,0,0,0,2236.922502
17-11-2016,1887.589352,644.5617898,6071.067259,1887.589352,1887.589352,1530.111164,1530.111164,1530.111164,155.7413792,155.7413792,155.7413792,1374.369785,1374.369785,1374.369785,0,0,0,3417.700516
18-11-2016,1888.572416,798.120581,6386.896353,1888.572416,1888.572416,1771.859181,1771.859181,1771.859181,419.7405272,419.7405272,419.7405272,1352.118654,1352.118654,1352.118654,0,0,0,3660.431597
19-11-2016,1889.55548,586.4844815,5929.812518,1889.55548,1889.55548,1347.872345,1347.872345,1347.872345,21.96802764,21.96802764,21.96802764,1325.904317,1325.904317,1325.904317,0,0,0,3237.427825
20-11-2016,1890.538544,553.2414596,6200.617014,1890.538544,1890.538544,1500.398844,1500.398844,1500.398844,203.7542451,203.7542451,203.7542451,1296.644599,1296.644599,1296.644599,0,0,0,3390.937388
21-11-2016,1891.521609,782.7406546,6176.427224,1891.521609,1891.521609,1676.844561,1676.844561,1676.844561,411.5590087,411.5590087,411.5590087,1265.285552,1265.285552,1265.285552,0,0,0,3568.366169
22-11-2016,1892.504673,204.6025356,5859.450471,1892.504673,1892.504673,1061.48927,1061.48927,1061.48927,-171.2908683,-171.2908683,-171.2908683,1232.780138,1232.780138,1232.780138,0,0,0,2953.993942
23-11-2016,1893.487737,-656.4836864,4825.889343,1893.487737,1893.487737,158.5941193,158.5941193,158.5941193,-1041.47232,-1041.47232,-1041.47232,1200.066439,1200.066439,1200.066439,0,0,0,2052.081856
24-11-2016,1894.470801,537.9205314,6016.085614,1894.470801,1894.470801,1323.787262,1323.787262,1323.787262,155.7413792,155.7413792,155.7413792,1168.045882,1168.045882,1168.045882,0,0,0,3218.258062
25-11-2016,1895.453865,705.2537619,6249.926902,1895.453865,1895.453865,1557.302499,1557.302499,1557.302499,419.7405272,419.7405272,419.7405272,1137.561972,1137.561972,1137.561972,0,0,0,3452.756364
26-11-2016,1896.436929,375.7840351,5892.549693,1896.436929,1896.436929,1131.348035,1131.348035,1131.348035,21.96802764,21.96802764,21.96802764,1109.380007,1109.380007,1109.380007,0,0,0,3027.784963
27-11-2016,1897.419993,231.7081304,6056.029264,1897.419993,1897.419993,1287.922533,1287.922533,1287.922533,203.7542451,203.7542451,203.7542451,1084.168288,1084.168288,1084.168288,0,0,0,3185.342526
28-11-2016,1898.403057,782.442596,6240.530987,1898.403057,1898.403057,1474.040276,1474.040276,1474.040276,411.5590087,411.5590087,411.5590087,1062.481267,1062.481267,1062.481267,0,0,0,3372.443333
29-11-2016,1899.386121,120.2958731,5628.374176,1899.386121,1899.386121,873.4542144,873.4542144,873.4542144,-171.2908683,-171.2908683,-171.2908683,1044.745083,1044.745083,1044.745083,0,0,0,2772.840335
30-11-2016,1900.369185,-805.2836804,4561.771352,1900.369185,1900.369185,-10.22645067,-10.22645067,-10.22645067,-1041.47232,-1041.47232,-1041.47232,1031.245869,1031.245869,1031.245869,0,0,0,1890.142734
01-12-2016,1901.352249,356.9862873,5666.279919,1901.352249,1901.352249,1177.86256,1177.86256,1177.86256,155.7413792,155.7413792,155.7413792,1022.121181,1022.121181,1022.121181,0,0,0,3079.214809
02-12-2016,1902.335313,486.5700636,5979.891203,1902.335313,1902.335313,1437.095335,1437.095335,1437.095335,419.7405272,419.7405272,419.7405272,1017.354808,1017.354808,1017.354808,0,0,0,3339.430648
03-12-2016,1903.318377,443.6389447,6054.599333,1903.318377,1903.318377,1038.743198,1038.743198,1038.743198,21.96802764,21.96802764,21.96802764,1016.775171,1016.775171,1016.775171,0,0,0,2942.061575
04-12-2016,1904.301441,318.8613722,6050.888335,1904.301441,1904.301441,1223.811687,1223.811687,1223.811687,203.7542451,203.7542451,203.7542451,1020.057442,1020.057442,1020.057442,0,0,0,3128.113128
05-12-2016,1905.284505,513.0132837,5945.988501,1905.284505,1905.284505,1438.288407,1438.288407,1438.288407,411.5590087,411.5590087,411.5590087,1026.729399,1026.729399,1026.729399,0,0,0,3343.572912
06-12-2016,1906.267569,-50.2101411,5606.74642,1906.267569,1906.267569,864.8901128,864.8901128,864.8901128,-171.2908683,-171.2908683,-171.2908683,1036.180981,1036.180981,1036.180981,0,0,0,2771.157682
08-12-2016,1908.233697,263.6078372,5867.774078,1908.233697,1908.233697,1216.116907,1216.116907,1216.116907,155.7413792,155.7413792,155.7413792,1060.375528,1060.375528,1060.375528,0,0,0,3124.350604
09-12-2016,1909.216761,690.964921,6089.067342,1909.216761,1909.216761,1493.083909,1493.083909,1493.083909,419.7405272,419.7405272,419.7405272,1073.343382,1073.343382,1073.343382,0,0,0,3402.30067
10-12-2016,1910.199825,323.9557932,5664.849765,1910.199825,1910.199825,1107.55011,1107.55011,1107.55011,21.96802764,21.96802764,21.96802764,1085.582082,1085.582082,1085.582082,0,0,0,3017.749935
11-12-2016,1911.182889,408.9331025,5966.7823,1911.182889,1911.182889,1299.804272,1299.804272,1299.804272,203.7542451,203.7542451,203.7542451,1096.050027,1096.050027,1096.050027,0,0,0,3210.987162
12-12-2016,1912.165953,532.5806578,6226.049224,1912.165953,1912.165953,1515.247636,1515.247636,1515.247636,411.5590087,411.5590087,411.5590087,1103.688627,1103.688627,1103.688627,0,0,0,3427.413589
13-12-2016,1913.149017,214.0015884,5846.474116,1913.149017,1913.149017,936.1581747,936.1581747,936.1581747,-171.2908683,-171.2908683,-171.2908683,1107.449043,1107.449043,1107.449043,0,0,0,2849.307192
14-12-2016,1914.132081,-898.1399884,4596.981693,1914.132081,1914.132081,64.84698867,64.84698867,64.84698867,-1041.47232,-1041.47232,-1041.47232,1106.319308,1106.319308,1106.319308,0,0,0,1978.97907
15-12-2016,1915.115145,742.7013601,6020.479696,1915.115145,1915.115145,1255.092553,1255.092553,1255.092553,155.7413792,155.7413792,155.7413792,1099.351174,1099.351174,1099.351174,0,0,0,3170.207698
16-12-2016,1916.098209,594.3424567,6188.377425,1916.098209,1916.098209,1505.426553,1505.426553,1505.426553,419.7405272,419.7405272,419.7405272,1085.686025,1085.686025,1085.686025,0,0,0,3421.524762
17-12-2016,1917.081273,85.5396812,5633.522656,1917.081273,1917.081273,1086.54725,1086.54725,1086.54725,21.96802764,21.96802764,21.96802764,1064.579222,1064.579222,1064.579222,0,0,0,3003.628523
18-12-2016,1918.064337,519.9734052,5752.942942,1918.064337,1918.064337,1239.176471,1239.176471,1239.176471,203.7542451,203.7542451,203.7542451,1035.422226,1035.422226,1035.422226,0,0,0,3157.240809
19-12-2016,1919.047401,507.0069717,6054.212499,1919.047401,1919.047401,1409.320951,1409.320951,1409.320951,411.5590087,411.5590087,411.5590087,997.7619424,997.7619424,997.7619424,0,0,0,3328.368353
20-12-2016,1920.030465,-41.6366322,5399.720958,1920.030465,1920.030465,780.0258675,780.0258675,780.0258675,-171.2908683,-171.2908683,-171.2908683,951.3167358,951.3167358,951.3167358,0,0,0,2700.056333
22-12-2016,1921.996594,59.52589715,5551.320946,1921.996594,1921.996594,987.6129396,987.6129396,987.6129396,155.7413792,155.7413792,155.7413792,831.8715604,831.8715604,831.8715604,0,0,0,2909.609533
23-12-2016,1922.979658,451.6465379,5935.480543,1922.979658,1922.979658,1178.99518,1178.99518,1178.99518,419.7405272,419.7405272,419.7405272,759.2546531,759.2546531,759.2546531,0,0,0,3101.974838
24-12-2016,1923.962722,-173.1184522,5185.606107,1923.962722,1923.962722,700.5896193,700.5896193,700.5896193,21.96802764,21.96802764,21.96802764,678.6215917,678.6215917,678.6215917,0,0,0,2624.552341
25-12-2016,1924.945786,-71.26114924,5517.285269,1924.945786,1924.945786,794.399006,794.399006,794.399006,203.7542451,203.7542451,203.7542451,590.6447609,590.6447609,590.6447609,0,0,0,2719.344792
26-12-2016,1925.928851,179.2654541,5610.957211,1925.928851,1925.928851,907.7339651,907.7339651,907.7339651,411.5590087,411.5590087,411.5590087,496.1749564,496.1749564,496.1749564,0,0,0,2833.662816
27-12-2016,1926.911916,-602.3827443,4887.445106,1926.911916,1926.911916,224.9357028,224.9357028,224.9357028,-171.2908683,-171.2908683,-171.2908683,396.2265711,396.2265711,396.2265711,0,0,0,2151.847618
29-12-2016,1928.878045,-553.4499282,5066.363691,1928.878045,1928.878045,340.3929879,340.3929879,340.3929879,155.7413792,155.7413792,155.7413792,184.6516087,184.6516087,184.6516087,0,0,0,2269.271033
30-12-2016,1929.86111,-166.4257902,5030.449567,1929.86111,1929.86111,495.4223805,495.4223805,495.4223805,419.7405272,419.7405272,419.7405272,75.68185331,75.68185331,75.68185331,0,0,0,2425.283491
31-12-2016,1930.844175,-681.6506694,4666.059309,1930.844175,1930.844175,-11.54002263,-11.54002263,-11.54002263,21.96802764,21.96802764,21.96802764,-33.50805026,-33.50805026,-33.50805026,0,0,0,1919.304153
01-01-2017,1931.82724,-868.0891618,4737.520254,1931.82724,1931.82724,62.31416351,62.31416351,62.31416351,203.7542451,203.7542451,203.7542451,-141.4400816,-141.4400816,-141.4400816,0,0,0,1994.141404
02-01-2017,1932.810305,-484.47501,4698.394239,1932.810305,1932.810305,164.9256236,164.9256236,164.9256236,411.5590087,411.5590087,411.5590087,-246.6333852,-246.6333852,-246.6333852,0,0,0,2097.735929
03-01-2017,1933.79337,-1414.346266,4265.706773,1933.79337,1933.79337,-518.9283252,-518.9283252,-518.9283252,-171.2908683,-171.2908683,-171.2908683,-347.637457,-347.637457,-347.637457,0,0,0,1414.865045
06-01-2017,1936.742565,-799.1977742,4223.196118,1936.742565,1936.742565,-192.4106191,-192.4106191,-192.4106191,419.7405272,419.7405272,419.7405272,-612.1511463,-612.1511463,-612.1511463,0,0,0,1744.331946
07-01-2017,1937.72563,-1424.834584,3924.810336,1937.72563,1937.72563,-661.6636881,-661.6636881,-661.6636881,21.96802764,21.96802764,21.96802764,-683.6317157,-683.6317157,-683.6317157,0,0,0,1276.061942
08-01-2017,1938.708695,-1429.233052,4010.235868,1938.708695,1938.708695,-541.478984,-541.478984,-541.478984,203.7542451,203.7542451,203.7542451,-745.2332291,-745.2332291,-745.2332291,0,0,0,1397.229711
09-01-2017,1939.69176,-1088.8076,4419.032084,1939.69176,1939.69176,-384.7625188,-384.7625188,-384.7625188,411.5590087,411.5590087,411.5590087,-796.3215276,-796.3215276,-796.3215276,0,0,0,1554.929241
12-01-2017,1942.640955,-1438.803973,3860.538881,1942.640955,1942.640955,-727.7249075,-727.7249075,-727.7249075,155.7413792,155.7413792,155.7413792,-883.4662867,-883.4662867,-883.4662867,0,0,0,1214.916047
13-01-2017,1943.62402,-1231.583858,4225.414508,1943.62402,1943.62402,-470.8772105,-470.8772105,-470.8772105,419.7405272,419.7405272,419.7405272,-890.6177376,-890.6177376,-890.6177376,0,0,0,1472.746809
14-01-2017,1944.607085,-1452.22033,3722.957189,1944.607085,1944.607085,-865.506065,-865.506065,-865.506065,21.96802764,21.96802764,21.96802764,-887.4740927,-887.4740927,-887.4740927,0,0,0,1079.10102
15-01-2017,1945.59015,-1551.830044,4200.621801,1945.59015,1945.59015,-671.0086881,-671.0086881,-671.0086881,203.7542451,203.7542451,203.7542451,-874.7629332,-874.7629332,-874.7629332,0,0,0,1274.581462
16-01-2017,1946.573215,-1191.759924,4317.93385,1946.573215,1946.573215,-441.8575566,-441.8575566,-441.8575566,411.5590087,411.5590087,411.5590087,-853.4165654,-853.4165654,-853.4165654,0,0,0,1504.715658
19-01-2017,1949.52241,-1255.510254,3896.410725,1949.52241,1949.52241,-593.7598471,-593.7598471,-593.7598471,155.7413792,155.7413792,155.7413792,-749.5012263,-749.5012263,-749.5012263,0,0,0,1355.762562
20-01-2017,1950.505474,-1116.141597,4436.947552,1950.505474,1950.505474,-286.4865627,-286.4865627,-286.4865627,419.7405272,419.7405272,419.7405272,-706.2270899,-706.2270899,-706.2270899,0,0,0,1664.018912
21-01-2017,1951.488539,-1355.298674,4086.565196,1951.488539,1951.488539,-639.221924,-639.221924,-639.221924,21.96802764,21.96802764,21.96802764,-661.1899516,-661.1899516,-661.1899516,0,0,0,1312.266615
22-01-2017,1952.471604,-1481.54662,4343.847621,1952.471604,1952.471604,-412.23004,-412.23004,-412.23004,203.7542451,203.7542451,203.7542451,-615.9842852,-615.9842852,-615.9842852,0,0,0,1540.241564
23-01-2017,1953.454669,-726.8463678,4524.514196,1953.454669,1953.454669,-160.6342956,-160.6342956,-160.6342956,411.5590087,411.5590087,411.5590087,-572.1933044,-572.1933044,-572.1933044,0,0,0,1792.820374
24-01-2017,1954.437734,-1539.404362,4136.616424,1954.437734,1954.437734,-702.6420551,-702.6420551,-702.6420551,-171.2908683,-171.2908683,-171.2908683,-531.3511869,-531.3511869,-531.3511869,0,0,0,1251.795679
26-01-2017,1956.403864,-1144.188921,4543.787065,1956.403864,1956.403864,-308.4438662,-308.4438662,-308.4438662,155.7413792,155.7413792,155.7413792,-464.1852454,-464.1852454,-464.1852454,0,0,0,1647.959998
27-01-2017,1957.386929,-766.5536604,4709.334336,1957.386929,1957.386929,-20.62128384,-20.62128384,-20.62128384,419.7405272,419.7405272,419.7405272,-440.361811,-440.361811,-440.361811,0,0,0,1936.765645
28-01-2017,1958.369994,-1125.327825,4448.349149,1958.369994,1958.369994,-402.4582196,-402.4582196,-402.4582196,21.96802764,21.96802764,21.96802764,-424.4262473,-424.4262473,-424.4262473,0,0,0,1555.911775
29-01-2017,1959.353059,-886.0726759,4552.775757,1959.353059,1959.353059,-213.4067333,-213.4067333,-213.4067333,203.7542451,203.7542451,203.7542451,-417.1609784,-417.1609784,-417.1609784,0,0,0,1745.946326
30-01-2017,1960.336124,-647.9471166,4710.993869,1960.336124,1960.336124,-7.561139337,-7.561139337,-7.561139337,411.5590087,411.5590087,411.5590087,-419.1201481,-419.1201481,-419.1201481,0,0,0,1952.774985
02-02-2017,1963.285319,-1135.784894,4482.844789,1963.285319,1963.285319,-326.4446075,-326.4446075,-326.4446075,155.7413792,155.7413792,155.7413792,-482.1859867,-482.1859867,-482.1859867,0,0,0,1636.840711
03-02-2017,1964.268384,-949.6263016,4552.059775,1964.268384,1964.268384,-101.8731808,-101.8731808,-101.8731808,419.7405272,419.7405272,419.7405272,-521.6137079,-521.6137079,-521.6137079,0,0,0,1862.395203
04-02-2017,1965.251449,-1321.583715,4159.148363,1965.251449,1965.251449,-547.3215207,-547.3215207,-547.3215207,21.96802764,21.96802764,21.96802764,-569.2895483,-569.2895483,-569.2895483,0,0,0,1417.929928
05-02-2017,1966.234514,-1071.692015,4346.823065,1966.234514,1966.234514,-420.5328575,-420.5328575,-420.5328575,203.7542451,203.7542451,203.7542451,-624.2871026,-624.2871026,-624.2871026,0,0,0,1545.701656
06-02-2017,1967.217579,-1062.704754,4320.635969,1967.217579,1967.217579,-273.9107089,-273.9107089,-273.9107089,411.5590087,411.5590087,411.5590087,-685.4697176,-685.4697176,-685.4697176,0,0,0,1693.30687
09-02-2017,1970.166774,-1459.444471,3923.295677,1970.166774,1970.166774,-736.4246653,-736.4246653,-736.4246653,155.7413792,155.7413792,155.7413792,-892.1660444,-892.1660444,-892.1660444,0,0,0,1233.742108
10-02-2017,1971.149839,-1143.414431,3948.846749,1971.149839,1971.149839,-543.7458147,-543.7458147,-543.7458147,419.7405272,419.7405272,419.7405272,-963.4863419,-963.4863419,-963.4863419,0,0,0,1427.404024
11-02-2017,1972.132904,-1633.118042,3817.8919,1972.132904,1972.132904,-1011.20857,-1011.20857,-1011.20857,21.96802764,21.96802764,21.96802764,-1033.176598,-1033.176598,-1033.176598,0,0,0,960.9243332
13-02-2017,1974.099033,-1379.564943,3949.762991,1974.099033,1974.099033,-749.1863838,-749.1863838,-749.1863838,411.5590087,411.5590087,411.5590087,-1160.745393,-1160.745393,-1160.745393,0,0,0,1224.91265
16-02-2017,1977.048228,-1853.568839,3685.093855,1977.048228,1977.048228,-1142.568379,-1142.568379,-1142.568379,155.7413792,155.7413792,155.7413792,-1298.309758,-1298.309758,-1298.309758,0,0,0,834.4798492
17-02-2017,1978.031293,-1816.438838,3692.138127,1978.031293,1978.031293,-904.4822113,-904.4822113,-904.4822113,419.7405272,419.7405272,419.7405272,-1324.222738,-1324.222738,-1324.222738,0,0,0,1073.549082
18-02-2017,1979.014358,-2068.050852,3350.991155,1979.014358,1979.014358,-1316.382086,-1316.382086,-1316.382086,21.96802764,21.96802764,21.96802764,-1338.350114,-1338.350114,-1338.350114,0,0,0,662.6322718
19-02-2017,1979.997423,-1897.869622,3624.827565,1979.997423,1979.997423,-1136.180705,-1136.180705,-1136.180705,203.7542451,203.7542451,203.7542451,-1339.93495,-1339.93495,-1339.93495,0,0,0,843.8167179
20-02-2017,1980.980487,-1624.906909,3728.013952,1980.980487,1980.980487,-916.9106109,-916.9106109,-916.9106109,411.5590087,411.5590087,411.5590087,-1328.46962,-1328.46962,-1328.46962,0,0,0,1064.069876
21-02-2017,1981.963552,-2268.835486,3277.348259,1981.963552,1981.963552,-1474.999286,-1474.999286,-1474.999286,-171.2908683,-171.2908683,-171.2908683,-1303.708418,-1303.708418,-1303.708418,0,0,0,506.9642654
23-02-2017,1983.929681,-1768.537685,3560.26784,1983.929681,1983.929681,-1058.917524,-1058.917524,-1058.917524,155.7413792,155.7413792,155.7413792,-1214.658903,-1214.658903,-1214.658903,0,0,0,925.0121571
24-02-2017,1984.912746,-1473.956705,4004.881439,1984.912746,1984.912746,-731.477443,-731.477443,-731.477443,419.7405272,419.7405272,419.7405272,-1151.21797,-1151.21797,-1151.21797,0,0,0,1253.435303
25-02-2017,1985.89581,-1713.581536,3651.874641,1985.89581,1985.89581,-1054.190784,-1054.190784,-1054.190784,21.96802764,21.96802764,21.96802764,-1076.158811,-1076.158811,-1076.158811,0,0,0,931.7050265
26-02-2017,1986.878875,-1514.675677,3834.462151,1986.878875,1986.878875,-786.7693744,-786.7693744,-786.7693744,203.7542451,203.7542451,203.7542451,-990.5236196,-990.5236196,-990.5236196,0,0,0,1200.109501
28-02-2017,1988.845004,-2053.741174,3659.276873,1988.845004,1988.845004,-964.0195429,-964.0195429,-964.0195429,-171.2908683,-171.2908683,-171.2908683,-792.7286746,-792.7286746,-792.7286746,0,0,0,1024.825461
02-03-2017,1990.811134,-997.2006685,4318.713406,1990.811134,1990.811134,-414.1619346,-414.1619346,-414.1619346,155.7413792,155.7413792,155.7413792,-569.9033138,-569.9033138,-569.9033138,0,0,0,1576.649199
03-03-2017,1991.794198,-955.8678178,4796.065619,1991.794198,1991.794198,-33.6866198,-33.6866198,-33.6866198,419.7405272,419.7405272,419.7405272,-453.427147,-453.427147,-453.427147,0,0,0,1958.107578
04-03-2017,1992.777263,-955.6958089,4482.366758,1992.777263,1992.777263,-314.0480756,-314.0480756,-314.0480756,21.96802764,21.96802764,21.96802764,-336.0161033,-336.0161033,-336.0161033,0,0,0,1678.729187
05-03-2017,1993.760327,-669.8979841,4533.810909,1993.760327,1993.760327,-15.76354418,-15.76354418,-15.76354418,203.7542451,203.7542451,203.7542451,-219.5177893,-219.5177893,-219.5177893,0,0,0,1977.996783
06-03-2017,1994.743392,-546.9273223,4952.057172,1994.743392,1994.743392,305.812044,305.812044,305.812044,411.5590087,411.5590087,411.5590087,-105.7469647,-105.7469647,-105.7469647,0,0,0,2300.555436
07-03-2017,1995.726457,-988.8398538,4607.694456,1995.726457,1995.726457,-167.7389147,-167.7389147,-167.7389147,-171.2908683,-171.2908683,-171.2908683,3.55195354,3.55195354,3.55195354,0,0,0,1827.987542
08-03-2017,1996.709521,-1494.313795,3682.723781,1996.709521,1996.709521,-934.7319747,-934.7319747,-934.7319747,-1041.47232,-1041.47232,-1041.47232,106.7403449,106.7403449,106.7403449,0,0,0,1061.977547
09-03-2017,1997.692586,-254.5726205,5204.33344,1997.692586,1997.692586,358.0593728,358.0593728,358.0593728,155.7413792,155.7413792,155.7413792,202.3179936,202.3179936,202.3179936,0,0,0,2355.751959
10-03-2017,1998.675651,-190.2923903,5446.774331,1998.675651,1998.675651,708.6926513,708.6926513,708.6926513,419.7405272,419.7405272,419.7405272,288.9521241,288.9521241,288.9521241,0,0,0,2707.368302
11-03-2017,1999.658715,-325.6657087,5195.481569,1999.658715,1999.658715,387.4702604,387.4702604,387.4702604,21.96802764,21.96802764,21.96802764,365.5022328,365.5022328,365.5022328,0,0,0,2387.128976
12-03-2017,2000.64178,-189.5004543,5429.246338,2000.64178,2000.64178,634.7944382,634.7944382,634.7944382,203.7542451,203.7542451,203.7542451,431.0401931,431.0401931,431.0401931,0,0,0,2635.436218
13-03-2017,2001.624845,145.264261,5530.354431,2001.624845,2001.624845,896.424243,896.424243,896.424243,411.5590087,411.5590087,411.5590087,484.8652343,484.8652343,484.8652343,0,0,0,2898.049088
14-03-2017,2002.607909,-539.5357915,5038.050715,2002.607909,2002.607909,355.2226543,355.2226543,355.2226543,-171.2908683,-171.2908683,-171.2908683,526.5135225,526.5135225,526.5135225,0,0,0,2357.830564
16-03-2017,2004.574039,121.7493959,5483.582501,2004.574039,2004.574039,728.3693285,728.3693285,728.3693285,155.7413792,155.7413792,155.7413792,572.6279493,572.6279493,572.6279493,0,0,0,2732.943367
17-03-2017,2005.557103,263.9332619,5754.446697,2005.557103,2005.557103,997.1005476,997.1005476,997.1005476,419.7405272,419.7405272,419.7405272,577.3600204,577.3600204,577.3600204,0,0,0,3002.657651
18-03-2017,2006.540168,-114.38888,5371.20271,2006.540168,2006.540168,592.3963472,592.3963472,592.3963472,21.96802764,21.96802764,21.96802764,570.4283196,570.4283196,570.4283196,0,0,0,2598.936515
19-03-2017,2007.523232,-29.13670452,5242.386917,2007.523232,2007.523232,756.2608592,756.2608592,756.2608592,203.7542451,203.7542451,203.7542451,552.5066141,552.5066141,552.5066141,0,0,0,2763.784092
20-03-2017,2008.506297,256.4957501,5502.34631,2008.506297,2008.506297,936.0105604,936.0105604,936.0105604,411.5590087,411.5590087,411.5590087,524.4515517,524.4515517,524.4515517,0,0,0,2944.516858
21-03-2017,2009.489362,-142.6408113,5280.941449,2009.489362,2009.489362,315.9871522,315.9871522,315.9871522,-171.2908683,-171.2908683,-171.2908683,487.2780204,487.2780204,487.2780204,0,0,0,2325.476514
23-03-2017,2011.455491,-184.9316342,5156.265104,2011.455491,2011.455491,545.9997455,545.9997455,545.9997455,155.7413792,155.7413792,155.7413792,390.2583663,390.2583663,390.2583663,0,0,0,2557.455237
24-03-2017,2012.438556,30.6191207,5600.509771,2012.438556,2012.438556,752.7147684,752.7147684,752.7147684,419.7405272,419.7405272,419.7405272,332.9742413,332.9742413,332.9742413,0,0,0,2765.153324
25-03-2017,2013.42162,-455.6524214,5074.080471,2013.42162,2013.42162,293.6003539,293.6003539,293.6003539,21.96802764,21.96802764,21.96802764,271.6323262,271.6323262,271.6323262,0,0,0,2307.021974
26-03-2017,2014.404685,-283.2875491,5277.856615,2014.404685,2014.404685,411.3456212,411.3456212,411.3456212,203.7542451,203.7542451,203.7542451,207.591376,207.591376,207.591376,0,0,0,2425.750306
27-03-2017,2015.38775,-22.49494049,5389.822215,2015.38775,2015.38775,553.7437863,553.7437863,553.7437863,411.5590087,411.5590087,411.5590087,142.1847775,142.1847775,142.1847775,0,0,0,2569.131536
28-03-2017,2016.370814,-765.2148595,4709.293123,2016.370814,2016.370814,-94.59962486,-94.59962486,-94.59962486,-171.2908683,-171.2908683,-171.2908683,76.69124341,76.69124341,76.69124341,0,0,0,1921.771189
29-03-2017,2017.353879,-1647.153692,3851.165436,2017.353879,2017.353879,-1029.164483,-1029.164483,-1029.164483,-1041.47232,-1041.47232,-1041.47232,12.30783648,12.30783648,12.30783648,0,0,0,988.1893957
30-03-2017,2018.336943,-487.8866142,4746.635585,2018.336943,2018.336943,105.8673121,105.8673121,105.8673121,155.7413792,155.7413792,155.7413792,-49.87406715,-49.87406715,-49.87406715,0,0,0,2124.204256
31-03-2017,2019.320008,-293.7986396,5130.697845,2019.320008,2019.320008,310.8511715,310.8511715,310.8511715,419.7405272,419.7405272,419.7405272,-108.8893557,-108.8893557,-108.8893557,0,0,0,2330.17118
01-04-2017,2020.303073,-858.495595,4597.366786,2020.303073,2020.303073,-141.947852,-141.947852,-141.947852,21.96802764,21.96802764,21.96802764,-163.9158796,-163.9158796,-163.9158796,0,0,0,1878.355221
02-04-2017,2021.286137,-647.0117425,4700.50816,2021.286137,2021.286137,-10.53271385,-10.53271385,-10.53271385,203.7542451,203.7542451,203.7542451,-214.286959,-214.286959,-214.286959,0,0,0,2010.753424
03-04-2017,2022.269202,-635.5999875,4934.840438,2022.269202,2022.269202,152.0595067,152.0595067,152.0595067,411.5590087,411.5590087,411.5590087,-259.499502,-259.499502,-259.499502,0,0,0,2174.328709
04-04-2017,2023.252267,-1130.711476,4152.131124,2023.252267,2023.252267,-470.5085263,-470.5085263,-470.5085263,-171.2908683,-171.2908683,-171.2908683,-299.217658,-299.217658,-299.217658,0,0,0,1552.743741
06-04-2017,2025.218398,-1010.031621,4470.988245,2025.218398,2025.218398,-205.9133027,-205.9133027,-205.9133027,155.7413792,155.7413792,155.7413792,-361.6546819,-361.6546819,-361.6546819,0,0,0,1819.305095
07-04-2017,2026.201463,-688.4093299,4699.119682,2026.201463,2026.201463,35.23056916,35.23056916,35.23056916,419.7405272,419.7405272,419.7405272,-384.509958,-384.509958,-384.509958,0,0,0,2061.432032
08-04-2017,2027.184529,-1117.409305,4443.996847,2027.184529,2027.184529,-380.1538502,-380.1538502,-380.1538502,21.96802764,21.96802764,21.96802764,-402.1218778,-402.1218778,-402.1218778,0,0,0,1647.030678
09-04-2017,2028.167594,-1173.19703,4377.582342,2028.167594,2028.167594,-211.1439054,-211.1439054,-211.1439054,203.7542451,203.7542451,203.7542451,-414.8981506,-414.8981506,-414.8981506,0,0,0,1817.023689
10-04-2017,2029.150659,-530.1202222,4703.203945,2029.150659,2029.150659,-11.79256213,-11.79256213,-11.79256213,411.5590087,411.5590087,411.5590087,-423.3515709,-423.3515709,-423.3515709,0,0,0,2017.358097
11-04-2017,2030.133725,-1374.901504,4259.255133,2030.133725,2030.133725,-599.3701627,-599.3701627,-599.3701627,-171.2908683,-171.2908683,-171.2908683,-428.0792945,-428.0792945,-428.0792945,0,0,0,1430.763562
12-04-2017,2031.11679,-2228.907328,3360.627277,2031.11679,2031.11679,-1471.212946,-1471.212946,-1471.212946,-1041.47232,-1041.47232,-1041.47232,-429.7406263,-429.7406263,-429.7406263,0,0,0,559.9038441
13-04-2017,2032.099855,-850.8957729,4611.751908,2032.099855,2032.099855,-273.2925867,-273.2925867,-273.2925867,155.7413792,155.7413792,155.7413792,-429.0339659,-429.0339659,-429.0339659,0,0,0,1758.807269
14-04-2017,2033.082921,-671.8785382,4562.324095,2033.082921,2033.082921,-6.933034799,-6.933034799,-6.933034799,419.7405272,419.7405272,419.7405272,-426.673562,-426.673562,-426.673562,0,0,0,2026.149886
15-04-2017,2034.065986,-1360.992213,4312.36011,2034.065986,2034.065986,-401.3986883,-401.3986883,-401.3986883,21.96802764,21.96802764,21.96802764,-423.3667159,-423.3667159,-423.3667159,0,0,0,1632.667298
16-04-2017,2035.049051,-868.8311958,4599.450045,2035.049051,2035.049051,-216.0378035,-216.0378035,-216.0378035,203.7542451,203.7542451,203.7542451,-419.7920486,-419.7920486,-419.7920486,0,0,0,1819.011248
17-04-2017,2036.032117,-685.7408765,4558.375434,2036.032117,2036.032117,-5.020388225,-5.020388225,-5.020388225,411.5590087,411.5590087,411.5590087,-416.579397,-416.579397,-416.579397,0,0,0,2031.011728
20-04-2017,2038.981313,-795.2672879,4552.778006,2038.981313,2038.981313,-258.5799901,-258.5799901,-258.5799901,155.7413792,155.7413792,155.7413792,-414.3213693,-414.3213693,-414.3213693,0,0,0,1780.401322
21-04-2017,2039.964378,-708.0654433,4853.935275,2039.964378,2039.964378,2.433117563,2.433117563,2.433117563,419.7405272,419.7405272,419.7405272,-417.3074096,-417.3074096,-417.3074096,0,0,0,2042.397495
22-04-2017,2040.947443,-1068.715307,4433.938279,2040.947443,2040.947443,-400.5733928,-400.5733928,-400.5733928,21.96802764,21.96802764,21.96802764,-422.5414205,-422.5414205,-422.5414205,0,0,0,1640.37405
23-04-2017,2041.930508,-1087.170507,4747.163918,2041.930508,2041.930508,-226.3300126,-226.3300126,-226.3300126,203.7542451,203.7542451,203.7542451,-430.0842577,-430.0842577,-430.0842577,0,0,0,1815.600496
24-04-2017,2042.913574,-824.1190446,4812.017415,2042.913574,2042.913574,-28.32673705,-28.32673705,-28.32673705,411.5590087,411.5590087,411.5590087,-439.8857458,-439.8857458,-439.8857458,0,0,0,2014.586837
25-04-2017,2043.896639,-1479.61213,4126.628462,2043.896639,2043.896639,-623.0798982,-623.0798982,-623.0798982,-171.2908683,-171.2908683,-171.2908683,-451.7890299,-451.7890299,-451.7890299,0,0,0,1420.816741
26-04-2017,2044.879704,-2217.902155,3150.801027,2044.879704,2044.879704,-1507.010359,-1507.010359,-1507.010359,-1041.47232,-1041.47232,-1041.47232,-465.5380395,-465.5380395,-465.5380395,0,0,0,537.8693453
27-04-2017,2045.86277,-988.7557111,4461.465637,2045.86277,2045.86277,-325.0463962,-325.0463962,-325.0463962,155.7413792,155.7413792,155.7413792,-480.7877754,-480.7877754,-480.7877754,0,0,0,1720.816374
28-04-2017,2046.845835,-860.6456063,4714.009225,2046.845835,2046.845835,-77.37653205,-77.37653205,-77.37653205,419.7405272,419.7405272,419.7405272,-497.1170592,-497.1170592,-497.1170592,0,0,0,1969.469303
29-04-2017,2047.8289,-1159.85616,4353.642535,2047.8289,2047.8289,-492.0752962,-492.0752962,-492.0752962,21.96802764,21.96802764,21.96802764,-514.0433238,-514.0433238,-514.0433238,0,0,0,1555.753604
30-04-2017,2048.811966,-1035.311863,4474.821564,2048.811966,2048.811966,-327.284729,-327.284729,-327.284729,203.7542451,203.7542451,203.7542451,-531.0389741,-531.0389741,-531.0389741,0,0,0,1721.527237
01-05-2017,2049.795031,-986.9581941,4732.178859,2049.795031,2049.795031,-135.9898068,-135.9898068,-135.9898068,411.5590087,411.5590087,411.5590087,-547.5488156,-547.5488156,-547.5488156,0,0,0,1913.805224
02-05-2017,2050.778096,-1273.135873,4042.882292,2050.778096,2050.778096,-734.2988951,-734.2988951,-734.2988951,-171.2908683,-171.2908683,-171.2908683,-563.0080269,-563.0080269,-563.0080269,0,0,0,1316.479201
03-05-2017,2051.761162,-2343.710409,3045.562698,2051.761162,2051.761162,-1618.332469,-1618.332469,-1618.332469,-1041.47232,-1041.47232,-1041.47232,-576.8601492,-576.8601492,-576.8601492,0,0,0,433.4286928
04-05-2017,2052.744227,-1219.907835,4310.726139,2052.744227,2052.744227,-432.8331979,-432.8331979,-432.8331979,155.7413792,155.7413792,155.7413792,-588.5745771,-588.5745771,-588.5745771,0,0,0,1619.911029
05-05-2017,2053.727292,-968.4591874,4626.77386,2053.727292,2053.727292,-177.9225292,-177.9225292,-177.9225292,419.7405272,419.7405272,419.7405272,-597.6630563,-597.6630563,-597.6630563,0,0,0,1875.804763
06-05-2017,2054.710358,-1137.923639,4183.739483,2054.710358,2054.710358,-581.7267109,-581.7267109,-581.7267109,21.96802764,21.96802764,21.96802764,-603.6947385,-603.6947385,-603.6947385,0,0,0,1472.983647
07-05-2017,2055.693423,-1174.66074,4265.167688,2055.693423,2055.693423,-402.5551398,-402.5551398,-402.5551398,203.7542451,203.7542451,203.7542451,-606.309385,-606.309385,-606.309385,0,0,0,1653.138283
08-05-2017,2056.676488,-583.3234269,4693.696496,2056.676488,2056.676488,-193.6693702,-193.6693702,-193.6693702,411.5590087,411.5590087,411.5590087,-605.228379,-605.228379,-605.228379,0,0,0,1863.007118
09-05-2017,2057.659554,-1343.604899,4119.574746,2057.659554,2057.659554,-771.5541383,-771.5541383,-771.5541383,-171.2908683,-171.2908683,-171.2908683,-600.2632701,-600.2632701,-600.2632701,0,0,0,1286.105415
11-05-2017,2059.625684,-1037.197185,4435.46016,2059.625684,2059.625684,-422.6688671,-422.6688671,-422.6688671,155.7413792,155.7413792,155.7413792,-578.4102463,-578.4102463,-578.4102463,0,0,0,1636.956817
12-05-2017,2060.60875,-951.3025935,4616.531228,2060.60875,2060.60875,-141.8946464,-141.8946464,-141.8946464,419.7405272,419.7405272,419.7405272,-561.6351736,-561.6351736,-561.6351736,0,0,0,1918.714103
13-05-2017,2061.591815,-1019.813294,4334.300083,2061.591815,2061.591815,-519.2313886,-519.2313886,-519.2313886,21.96802764,21.96802764,21.96802764,-541.1994163,-541.1994163,-541.1994163,0,0,0,1542.360426
14-05-2017,2062.57488,-835.7098496,4605.710216,2062.57488,2062.57488,-313.6433832,-313.6433832,-313.6433832,203.7542451,203.7542451,203.7542451,-517.3976284,-517.3976284,-517.3976284,0,0,0,1748.931497
15-05-2017,2063.557946,-656.7402845,4977.819713,2063.557946,2063.557946,-79.04945177,-79.04945177,-79.04945177,411.5590087,411.5590087,411.5590087,-490.6084605,-490.6084605,-490.6084605,0,0,0,1984.508494
16-05-2017,2064.541011,-1091.707804,4141.994183,2064.541011,2064.541011,-632.5755338,-632.5755338,-632.5755338,-171.2908683,-171.2908683,-171.2908683,-461.2846656,-461.2846656,-461.2846656,0,0,0,1431.965477
18-05-2017,2066.507141,-878.6847203,4446.354889,2066.507141,2066.507141,-241.4009833,-241.4009833,-241.4009833,155.7413792,155.7413792,155.7413792,-397.1423625,-397.1423625,-397.1423625,0,0,0,1825.106158
19-05-2017,2067.490207,-499.5473729,4786.098399,2067.490207,2067.490207,56.25419646,56.25419646,56.25419646,419.7405272,419.7405272,419.7405272,-363.4863307,-363.4863307,-363.4863307,0,0,0,2123.744403
20-05-2017,2068.473272,-1072.650301,4579.719048,2068.473272,2068.473272,-307.6228841,-307.6228841,-307.6228841,21.96802764,21.96802764,21.96802764,-329.5909118,-329.5909118,-329.5909118,0,0,0,1760.850388
21-05-2017,2069.456337,-791.6274609,4613.513707,2069.456337,2069.456337,-92.32330205,-92.32330205,-92.32330205,203.7542451,203.7542451,203.7542451,-296.0775472,-296.0775472,-296.0775472,0,0,0,1977.133035
22-05-2017,2070.439403,-643.0058023,4888.270923,2070.439403,2070.439403,148.0029684,148.0029684,148.0029684,411.5590087,411.5590087,411.5590087,-263.5560403,-263.5560403,-263.5560403,0,0,0,2218.442371
23-05-2017,2071.422468,-1083.806352,4261.497103,2071.422468,2071.422468,-403.9006167,-403.9006167,-403.9006167,-171.2908683,-171.2908683,-171.2908683,-232.6097484,-232.6097484,-232.6097484,0,0,0,1667.521851
25-05-2017,2073.388599,-527.5492097,4923.836742,2073.388599,2073.388599,-21.82083397,-21.82083397,-21.82083397,155.7413792,155.7413792,155.7413792,-177.5622132,-177.5622132,-177.5622132,0,0,0,2051.567765
26-05-2017,2074.371664,-547.8931078,4918.820356,2074.371664,2074.371664,265.3628425,265.3628425,265.3628425,419.7405272,419.7405272,419.7405272,-154.3776847,-154.3776847,-154.3776847,0,0,0,2339.734507
27-05-2017,2075.354729,-607.5323958,4499.212289,2075.354729,2075.354729,-112.6138592,-112.6138592,-112.6138592,21.96802764,21.96802764,21.96802764,-134.5818869,-134.5818869,-134.5818869,0,0,0,1962.74087
28-05-2017,2076.337795,-603.7561192,4872.19084,2076.337795,2076.337795,85.3053434,85.3053434,85.3053434,203.7542451,203.7542451,203.7542451,-118.4489017,-118.4489017,-118.4489017,0,0,0,2161.643138
29-05-2017,2077.32086,-143.2920625,4870.733256,2077.32086,2077.32086,305.3905329,305.3905329,305.3905329,411.5590087,411.5590087,411.5590087,-106.1684758,-106.1684758,-106.1684758,0,0,0,2382.711393
30-05-2017,2078.303925,-854.3197803,4538.824979,2078.303925,2078.303925,-269.1345237,-269.1345237,-269.1345237,-171.2908683,-171.2908683,-171.2908683,-97.84365539,-97.84365539,-97.84365539,0,0,0,1809.169402
01-06-2017,2080.270056,-543.1062873,5020.121641,2080.270056,2080.270056,62.69988833,62.69988833,62.69988833,155.7413792,155.7413792,155.7413792,-93.04149086,-93.04149086,-93.04149086,0,0,0,2142.969944
02-06-2017,2081.253121,-170.5787394,5098.104083,2081.253121,2081.253121,323.3930385,323.3930385,323.3930385,419.7405272,419.7405272,419.7405272,-96.34748868,-96.34748868,-96.34748868,0,0,0,2404.64616
03-06-2017,2082.236187,-789.6299316,4859.225276,2082.236187,2082.236187,-81.21840961,-81.21840961,-81.21840961,21.96802764,21.96802764,21.96802764,-103.1864373,-103.1864373,-103.1864373,0,0,0,2001.017777
04-06-2017,2083.219252,-606.7906023,4789.627796,2083.219252,2083.219252,90.4840355,90.4840355,90.4840355,203.7542451,203.7542451,203.7542451,-113.2702096,-113.2702096,-113.2702096,0,0,0,2173.703287
05-06-2017,2084.202317,-331.4242334,5199.332521,2084.202317,2084.202317,285.3046593,285.3046593,285.3046593,411.5590087,411.5590087,411.5590087,-126.2543494,-126.2543494,-126.2543494,0,0,0,2369.506977
06-06-2017,2085.185383,-1038.904398,4486.568038,2085.185383,2085.185383,-313.0395942,-313.0395942,-313.0395942,-171.2908683,-171.2908683,-171.2908683,-141.7487259,-141.7487259,-141.7487259,0,0,0,1772.145788
08-06-2017,2087.151513,-587.2312519,4575.927867,2087.151513,2087.151513,-22.80726071,-22.80726071,-22.80726071,155.7413792,155.7413792,155.7413792,-178.5486399,-178.5486399,-178.5486399,0,0,0,2064.344253
09-06-2017,2088.134579,-446.3874228,4975.623304,2088.134579,2088.134579,220.7896429,220.7896429,220.7896429,419.7405272,419.7405272,419.7405272,-198.9508842,-198.9508842,-198.9508842,0,0,0,2308.924221
10-06-2017,2089.117644,-1114.401057,4590.662022,2089.117644,2089.117644,-198.1127045,-198.1127045,-198.1127045,21.96802764,21.96802764,21.96802764,-220.0807321,-220.0807321,-220.0807321,0,0,0,1891.004939
11-06-2017,2090.100709,-579.5887297,4704.445972,2090.100709,2090.100709,-37.74196634,-37.74196634,-37.74196634,203.7542451,203.7542451,203.7542451,-241.4962115,-241.4962115,-241.4962115,0,0,0,2052.358743
12-06-2017,2091.083775,-492.2657378,4953.609481,2091.083775,2091.083775,148.7801312,148.7801312,148.7801312,411.5590087,411.5590087,411.5590087,-262.7788775,-262.7788775,-262.7788775,0,0,0,2239.863906
13-06-2017,2092.06684,-1221.098783,4226.349462,2092.06684,2092.06684,-454.8340572,-454.8340572,-454.8340572,-171.2908683,-171.2908683,-171.2908683,-283.543189,-283.543189,-283.543189,0,0,0,1637.232783
15-06-2017,2094.03297,-854.0942233,4526.77158,2094.03297,2094.03297,-166.4444365,-166.4444365,-166.4444365,155.7413792,155.7413792,155.7413792,-322.1858157,-322.1858157,-322.1858157,0,0,0,1927.588534
16-06-2017,2095.016036,-667.9726377,4917.259885,2095.016036,2095.016036,80.21833346,80.21833346,80.21833346,419.7405272,419.7405272,419.7405272,-339.5221937,-339.5221937,-339.5221937,0,0,0,2175.234369
17-06-2017,2095.999101,-921.2979605,4425.278661,2095.999101,2095.999101,-333.2963304,-333.2963304,-333.2963304,21.96802764,21.96802764,21.96802764,-355.2643581,-355.2643581,-355.2643581,0,0,0,1762.702771
18-06-2017,2096.982166,-707.8074297,4377.109916,2096.982166,2096.982166,-165.5256128,-165.5256128,-165.5256128,203.7542451,203.7542451,203.7542451,-369.279858,-369.279858,-369.279858,0,0,0,1931.456554
19-06-2017,2097.965232,-716.0507545,4790.082988,2097.965232,2097.965232,30.06622266,30.06622266,30.06622266,411.5590087,411.5590087,411.5590087,-381.4927861,-381.4927861,-381.4927861,0,0,0,2128.031454
20-06-2017,2098.948297,-1169.120425,4178.94513,2098.948297,2098.948297,-563.1726769,-563.1726769,-563.1726769,-171.2908683,-171.2908683,-171.2908683,-391.8818086,-391.8818086,-391.8818086,0,0,0,1535.77562
21-06-2017,2099.931362,-2185.075439,3419.740081,2099.931362,2099.931362,-1441.949,-1441.949,-1441.949,-1041.47232,-1041.47232,-1041.47232,-400.4766804,-400.4766804,-400.4766804,0,0,0,657.9823624
22-06-2017,2100.914428,-771.628714,4594.01163,2100.914428,2100.914428,-251.6120356,-251.6120356,-251.6120356,155.7413792,155.7413792,155.7413792,-407.3534148,-407.3534148,-407.3534148,0,0,0,1849.302392
24-06-2017,2102.880558,-1124.55171,4580.569225,2102.880558,2102.880558,-394.4830562,-394.4830562,-394.4830562,21.96802764,21.96802764,21.96802764,-416.4510838,-416.4510838,-416.4510838,0,0,0,1708.397502
25-06-2017,2103.863624,-810.7705463,4675.491619,2103.863624,2103.863624,-215.2430699,-215.2430699,-215.2430699,203.7542451,203.7542451,203.7542451,-418.997315,-418.997315,-418.997315,0,0,0,1888.620554
26-06-2017,2104.846689,-579.5333789,4828.175312,2104.846689,2104.846689,-8.901541035,-8.901541035,-8.901541035,411.5590087,411.5590087,411.5590087,-420.4605498,-420.4605498,-420.4605498,0,0,0,2095.945148
27-06-2017,2105.829754,-1233.669145,4220.817747,2105.829754,2105.829754,-592.3351182,-592.3351182,-592.3351182,-171.2908683,-171.2908683,-171.2908683,-421.0442499,-421.0442499,-421.0442499,0,0,0,1513.494636
29-06-2017,2107.795885,-906.3719677,4521.620769,2107.795885,2107.795885,-264.6481474,-264.6481474,-264.6481474,155.7413792,155.7413792,155.7413792,-420.3895266,-420.3895266,-420.3895266,0,0,0,1843.147738
30-06-2017,2108.77895,-571.3657008,4887.216549,2108.77895,2108.77895,0.201725695,0.201725695,0.201725695,419.7405272,419.7405272,419.7405272,-419.5388015,-419.5388015,-419.5388015,0,0,0,2108.980676
01-07-2017,2109.762016,-1144.445616,4413.338979,2109.762016,2109.762016,-396.6030055,-396.6030055,-396.6030055,21.96802764,21.96802764,21.96802764,-418.5710332,-418.5710332,-418.5710332,0,0,0,1713.15901
02-07-2017,2110.745081,-702.9117242,4693.961082,2110.745081,2110.745081,-213.87787,-213.87787,-213.87787,203.7542451,203.7542451,203.7542451,-417.6321151,-417.6321151,-417.6321151,0,0,0,1896.867211
03-07-2017,2111.728146,-748.8695841,4698.105936,2111.728146,2111.728146,-5.2816133,-5.2816133,-5.2816133,411.5590087,411.5590087,411.5590087,-416.840622,-416.840622,-416.840622,0,0,0,2106.446533
05-07-2017,2113.694277,-2080.443808,3460.205655,2113.694277,2113.694277,-1457.495093,-1457.495093,-1457.495093,-1041.47232,-1041.47232,-1041.47232,-416.0227731,-416.0227731,-416.0227731,0,0,0,656.1991842
06-07-2017,2114.677342,-923.3030239,4655.637242,2114.677342,2114.677342,-260.3377668,-260.3377668,-260.3377668,155.7413792,155.7413792,155.7413792,-416.079146,-416.079146,-416.079146,0,0,0,1854.339575
07-07-2017,2115.660408,-702.0878315,4824.409558,2115.660408,2115.660408,3.291192465,3.291192465,3.291192465,419.7405272,419.7405272,419.7405272,-416.4493347,-416.4493347,-416.4493347,0,0,0,2118.9516
08-07-2017,2116.643473,-1013.080548,4391.606769,2116.643473,2116.643473,-395.132142,-395.132142,-395.132142,21.96802764,21.96802764,21.96802764,-417.1001696,-417.1001696,-417.1001696,0,0,0,1721.511331
09-07-2017,2117.626538,-832.4513779,4594.364833,2117.626538,2117.626538,-214.219231,-214.219231,-214.219231,203.7542451,203.7542451,203.7542451,-417.9734761,-417.9734761,-417.9734761,0,0,0,1903.407307
10-07-2017,2118.609603,-568.0565723,4787.019326,2118.609603,2118.609603,-7.431196151,-7.431196151,-7.431196151,411.5590087,411.5590087,411.5590087,-418.9902049,-418.9902049,-418.9902049,0,0,0,2111.178407
11-07-2017,2119.592669,-1359.571013,4338.211814,2119.592669,2119.592669,-591.3461257,-591.3461257,-591.3461257,-171.2908683,-171.2908683,-171.2908683,-420.0552574,-420.0552574,-420.0552574,0,0,0,1528.246543
12-07-2017,2120.575734,-2074.52475,3433.467624,2120.575734,2120.575734,-1462.535124,-1462.535124,-1462.535124,-1041.47232,-1041.47232,-1041.47232,-421.0628046,-421.0628046,-421.0628046,0,0,0,658.0406099
13-07-2017,2121.558799,-697.7969741,4566.464636,2121.558799,2121.558799,-266.1605058,-266.1605058,-266.1605058,155.7413792,155.7413792,155.7413792,-421.901885,-421.901885,-421.901885,0,0,0,1855.398294
14-07-2017,2122.541865,-587.6879272,4839.570921,2122.541865,2122.541865,-2.721530989,-2.721530989,-2.721530989,419.7405272,419.7405272,419.7405272,-422.4620582,-422.4620582,-422.4620582,0,0,0,2119.820334
15-07-2017,2123.52493,-1081.724139,4386.718753,2123.52493,2123.52493,-400.6708674,-400.6708674,-400.6708674,21.96802764,21.96802764,21.96802764,-422.638895,-422.638895,-422.638895,0,0,0,1722.854063
16-07-2017,2124.507995,-610.2343523,4721.773401,2124.507995,2124.507995,-218.5848445,-218.5848445,-218.5848445,203.7542451,203.7542451,203.7542451,-422.3390897,-422.3390897,-422.3390897,0,0,0,1905.923151
17-07-2017,2125.491061,-755.4344775,4705.743387,2125.491061,2125.491061,-9.925987029,-9.925987029,-9.925987029,411.5590087,411.5590087,411.5590087,-421.4849958,-421.4849958,-421.4849958,0,0,0,2115.565074
18-07-2017,2126.474126,-1122.102766,4406.076957,2126.474126,2126.474126,-591.30928,-591.30928,-591.30928,-171.2908683,-171.2908683,-171.2908683,-420.0184117,-420.0184117,-420.0184117,0,0,0,1535.164846
20-07-2017,2128.440257,-1141.741878,4653.846452,2128.440257,2128.440257,-259.3871001,-259.3871001,-259.3871001,155.7413792,155.7413792,155.7413792,-415.1284793,-415.1284793,-415.1284793,0,0,0,1869.053157
21-07-2017,2129.423322,-537.6445377,4942.848966,2129.423322,2129.423322,8.033781111,8.033781111,8.033781111,419.7405272,419.7405272,419.7405272,-411.7067461,-411.7067461,-411.7067461,0,0,0,2137.457103
22-07-2017,2130.406387,-857.349202,4594.613329,2130.406387,2130.406387,-385.7081267,-385.7081267,-385.7081267,21.96802764,21.96802764,21.96802764,-407.6761544,-407.6761544,-407.6761544,0,0,0,1744.698261
23-07-2017,2131.389453,-914.9581964,4928.382227,2131.389453,2131.389453,-199.3434368,-199.3434368,-199.3434368,203.7542451,203.7542451,203.7542451,-403.097682,-403.097682,-403.097682,0,0,0,1932.046016
24-07-2017,2132.372518,-725.220098,4660.015647,2132.372518,2132.372518,13.50622531,13.50622531,13.50622531,411.5590087,411.5590087,411.5590087,-398.0527834,-398.0527834,-398.0527834,0,0,0,2145.878743
25-07-2017,2133.355583,-1147.907688,4318.279154,2133.355583,2133.355583,-563.9306212,-563.9306212,-563.9306212,-171.2908683,-171.2908683,-171.2908683,-392.6397529,-392.6397529,-392.6397529,0,0,0,1569.424962
26-07-2017,2134.338649,-2231.211144,3354.009692,2134.338649,2134.338649,-1428.441496,-1428.441496,-1428.441496,-1041.47232,-1041.47232,-1041.47232,-386.9691763,-386.9691763,-386.9691763,0,0,0,705.8971528
27-07-2017,2135.321714,-791.1503553,4536.112705,2135.321714,2135.321714,-225.4172389,-225.4172389,-225.4172389,155.7413792,155.7413792,155.7413792,-381.1586181,-381.1586181,-381.1586181,0,0,0,1909.904475
28-07-2017,2136.304779,-584.7115921,5136.193552,2136.304779,2136.304779,44.41380715,44.41380715,44.41380715,419.7405272,419.7405272,419.7405272,-375.32672,-375.32672,-375.32672,0,0,0,2180.718586
29-07-2017,2137.287845,-1176.640455,4556.877912,2137.287845,2137.287845,-347.6188799,-347.6188799,-347.6188799,21.96802764,21.96802764,21.96802764,-369.5869076,-369.5869076,-369.5869076,0,0,0,1789.668965
30-07-2017,2138.27091,-617.4284136,4567.26065,2138.27091,2138.27091,-160.2866751,-160.2866751,-160.2866751,203.7542451,203.7542451,203.7542451,-364.0409203,-364.0409203,-364.0409203,0,0,0,1977.984235
31-07-2017,2139.253975,-664.819438,4983.943714,2139.253975,2139.253975,52.78661851,52.78661851,52.78661851,411.5590087,411.5590087,411.5590087,-358.7723902,-358.7723902,-358.7723902,0,0,0,2192.040594
01-08-2017,2140.237041,-1082.272004,4418.515649,2140.237041,2140.237041,-525.1315648,-525.1315648,-525.1315648,-171.2908683,-171.2908683,-171.2908683,-353.8406965,-353.8406965,-353.8406965,0,0,0,1615.105476
03-08-2017,2142.203171,-533.8014819,4844.160777,2142.203171,2142.203171,-189.3295245,-189.3295245,-189.3295245,155.7413792,155.7413792,155.7413792,-345.0709037,-345.0709037,-345.0709037,0,0,0,1952.873647
04-08-2017,2143.186237,-740.536819,5044.704063,2143.186237,2143.186237,78.55729152,78.55729152,78.55729152,419.7405272,419.7405272,419.7405272,-341.1832356,-341.1832356,-341.1832356,0,0,0,2221.743528
05-08-2017,2144.169302,-981.0280198,4629.494578,2144.169302,2144.169302,-315.5582596,-315.5582596,-315.5582596,21.96802764,21.96802764,21.96802764,-337.5262873,-337.5262873,-337.5262873,0,0,0,1828.611042
06-08-2017,2145.152367,-661.0272307,4713.166862,2145.152367,2145.152367,-130.216241,-130.216241,-130.216241,203.7542451,203.7542451,203.7542451,-333.9704861,-333.9704861,-333.9704861,0,0,0,2014.936126
07-08-2017,2146.135432,-512.4280885,4913.678839,2146.135432,2146.135432,81.21670097,81.21670097,81.21670097,411.5590087,411.5590087,411.5590087,-330.3423078,-330.3423078,-330.3423078,0,0,0,2227.352133
10-08-2017,2149.084628,-722.6624219,4701.848674,2149.084628,2149.084628,-160.9183131,-160.9183131,-160.9183131,155.7413792,155.7413792,155.7413792,-316.6596923,-316.6596923,-316.6596923,0,0,0,1988.166315
11-08-2017,2150.067694,-524.0544748,5121.43711,2150.067694,2150.067694,109.548433,109.548433,109.548433,419.7405272,419.7405272,419.7405272,-310.1920942,-310.1920942,-310.1920942,0,0,0,2259.616127
12-08-2017,2151.050759,-883.810016,4468.097298,2151.050759,2151.050759,-280.2410985,-280.2410985,-280.2410985,21.96802764,21.96802764,21.96802764,-302.2091262,-302.2091262,-302.2091262,0,0,0,1870.809661
13-08-2017,2152.033824,-511.0028861,4561.60518,2152.033824,2152.033824,-88.5886497,-88.5886497,-88.5886497,203.7542451,203.7542451,203.7542451,-292.3428948,-292.3428948,-292.3428948,0,0,0,2063.445175
14-08-2017,2153.01689,-665.3401342,4863.6995,2153.01689,2153.01689,131.3424462,131.3424462,131.3424462,411.5590087,411.5590087,411.5590087,-280.2165625,-280.2165625,-280.2165625,0,0,0,2284.359336
15-08-2017,2153.999955,-1084.577241,4276.1324,2153.999955,2153.999955,-436.7445439,-436.7445439,-436.7445439,-171.2908683,-171.2908683,-171.2908683,-265.4536757,-265.4536757,-265.4536757,0,0,0,1717.255411
16-08-2017,2154.98302,-1722.604366,3424.036904,2154.98302,2154.98302,-1289.160364,-1289.160364,-1289.160364,-1041.47232,-1041.47232,-1041.47232,-247.6880439,-247.6880439,-247.6880439,0,0,0,865.8226568
17-08-2017,2155.966086,-779.8929547,4875.207235,2155.966086,2155.966086,-70.83254968,-70.83254968,-70.83254968,155.7413792,155.7413792,155.7413792,-226.5739289,-226.5739289,-226.5739289,0,0,0,2085.133536
18-08-2017,2156.949151,-293.4961704,5046.003113,2156.949151,2156.949151,217.9442387,217.9442387,217.9442387,419.7405272,419.7405272,419.7405272,-201.7962884,-201.7962884,-201.7962884,0,0,0,2374.89339
19-08-2017,2157.932216,-696.2378262,4628.604281,2157.932216,2157.932216,-151.1127897,-151.1127897,-151.1127897,21.96802764,21.96802764,21.96802764,-173.0808173,-173.0808173,-173.0808173,0,0,0,2006.819427
20-08-2017,2158.915282,-595.6383344,4841.368224,2158.915282,2158.915282,63.55072037,63.55072037,63.55072037,203.7542451,203.7542451,203.7542451,-140.2035248,-140.2035248,-140.2035248,0,0,0,2222.466002
21-08-2017,2159.898347,-136.2612586,5230.777733,2159.898347,2159.898347,308.5594115,308.5594115,308.5594115,411.5590087,411.5590087,411.5590087,-102.9995973,-102.9995973,-102.9995973,0,0,0,2468.457758
22-08-2017,2160.881412,-822.2374787,4539.27451,2160.881412,2160.881412,-232.6621791,-232.6621791,-232.6621791,-171.2908683,-171.2908683,-171.2908683,-61.3713108,-61.3713108,-61.3713108,0,0,0,1928.219233
23-08-2017,2161.864478,-1599.258346,3792.542236,2161.864478,2161.864478,-1056.767094,-1056.767094,-1056.767094,-1041.47232,-1041.47232,-1041.47232,-15.2947746,-15.2947746,-15.2947746,0,0,0,1105.097383
24-08-2017,2162.847543,-574.9828004,5340.98354,2162.847543,2162.847543,190.9160617,190.9160617,190.9160617,155.7413792,155.7413792,155.7413792,35.17468248,35.17468248,35.17468248,0,0,0,2353.763605
25-08-2017,2163.830608,-36.6817865,5445.277556,2163.830608,2163.830608,509.6391704,509.6391704,509.6391704,419.7405272,419.7405272,419.7405272,89.89864326,89.89864326,89.89864326,0,0,0,2673.469779
26-08-2017,2164.813674,-297.1261169,4997.20064,2164.813674,2164.813674,170.6214025,170.6214025,170.6214025,21.96802764,21.96802764,21.96802764,148.6533749,148.6533749,148.6533749,0,0,0,2335.435076
27-08-2017,2165.796739,-90.62646743,5348.64046,2165.796739,2165.796739,414.8835743,414.8835743,414.8835743,203.7542451,203.7542451,203.7542451,211.1293292,211.1293292,211.1293292,0,0,0,2580.680313
28-08-2017,2166.779804,70.71831613,5481.043225,2166.779804,2166.779804,688.4914257,688.4914257,688.4914257,411.5590087,411.5590087,411.5590087,276.9324169,276.9324169,276.9324169,0,0,0,2855.27123
29-08-2017,2167.76287,-457.8144078,4903.225327,2167.76287,2167.76287,174.2961926,174.2961926,174.2961926,-171.2908683,-171.2908683,-171.2908683,345.5870608,345.5870608,345.5870608,0,0,0,2342.059062
31-08-2017,2169.729,161.3767539,5433.998613,2169.729,2169.729,644.913092,644.913092,644.913092,155.7413792,155.7413792,155.7413792,489.1717128,489.1717128,489.1717128,0,0,0,2814.642092
01-09-2017,2170.712065,372.9364355,5887.33715,2170.712065,2170.712065,982.5350443,982.5350443,982.5350443,419.7405272,419.7405272,419.7405272,562.7945171,562.7945171,562.7945171,0,0,0,3153.24711
02-09-2017,2171.695131,275.014954,5746.483108,2171.695131,2171.695131,658.6399416,658.6399416,658.6399416,21.96802764,21.96802764,21.96802764,636.671914,636.671914,636.671914,0,0,0,2830.335072
03-09-2017,2172.678196,507.6001339,5875.104127,2172.678196,2172.678196,913.7785285,913.7785285,913.7785285,203.7542451,203.7542451,203.7542451,710.0242833,710.0242833,710.0242833,0,0,0,3086.456725
04-09-2017,2173.661261,708.4210895,6144.485696,2173.661261,2173.661261,1193.600564,1193.600564,1193.600564,411.5590087,411.5590087,411.5590087,782.0415554,782.0415554,782.0415554,0,0,0,3367.261826
05-09-2017,2174.644327,143.5122508,5382.635298,2174.644327,2174.644327,680.6048231,680.6048231,680.6048231,-171.2908683,-171.2908683,-171.2908683,851.8956914,851.8956914,851.8956914,0,0,0,2855.24915
07-09-2017,2176.610457,632.96232,5787.486869,2176.610457,2176.610457,1137.53249,1137.53249,1137.53249,155.7413792,155.7413792,155.7413792,981.7911106,981.7911106,981.7911106,0,0,0,3314.142947
08-09-2017,2177.593523,839.5479482,6115.689342,2177.593523,2177.593523,1459.945667,1459.945667,1459.945667,419.7405272,419.7405272,419.7405272,1040.20514,1040.20514,1040.20514,0,0,0,3637.53919
09-09-2017,2178.576588,517.3893403,6008.825669,2178.576588,2178.576588,1115.19618,1115.19618,1115.19618,21.96802764,21.96802764,21.96802764,1093.228152,1093.228152,1093.228152,0,0,0,3293.772768
10-09-2017,2179.559653,730.0478659,6203.004533,2179.559653,2179.559653,1343.894559,1343.894559,1343.894559,203.7542451,203.7542451,203.7542451,1140.140314,1140.140314,1140.140314,0,0,0,3523.454212
11-09-2017,2180.542719,1216.282631,6440.985358,2180.542719,2180.542719,1591.840741,1591.840741,1591.840741,411.5590087,411.5590087,411.5590087,1180.281733,1180.281733,1180.281733,0,0,0,3772.38346
12-09-2017,2181.525784,346.0121985,5892.122942,2181.525784,2181.525784,1041.772815,1041.772815,1041.772815,-171.2908683,-171.2908683,-171.2908683,1213.063683,1213.063683,1213.063683,0,0,0,3223.298599
13-09-2017,2182.508849,-373.6997843,5286.88975,2182.508849,2182.508849,196.5064452,196.5064452,196.5064452,-1041.47232,-1041.47232,-1041.47232,1237.978765,1237.978765,1237.978765,0,0,0,2379.015295
14-09-2017,2183.491915,916.7782178,6391.017958,2183.491915,2183.491915,1410.35119,1410.35119,1410.35119,155.7413792,155.7413792,155.7413792,1254.60981,1254.60981,1254.60981,0,0,0,3593.843104
15-09-2017,2184.47498,1214.222637,6568.745764,2184.47498,2184.47498,1682.377945,1682.377945,1682.377945,419.7405272,419.7405272,419.7405272,1262.637418,1262.637418,1262.637418,0,0,0,3866.852925
16-09-2017,2185.458045,817.0196196,6456.72969,2185.458045,2185.458045,1283.814013,1283.814013,1283.814013,21.96802764,21.96802764,21.96802764,1261.845985,1261.845985,1261.845985,0,0,0,3469.272058
17-09-2017,2186.441111,902.5009257,6355.170493,2186.441111,2186.441111,1455.88241,1455.88241,1455.88241,203.7542451,203.7542451,203.7542451,1252.128165,1252.128165,1252.128165,0,0,0,3642.323521
18-09-2017,2187.424176,1172.194995,6700.482983,2187.424176,2187.424176,1645.046706,1645.046706,1645.046706,411.5590087,411.5590087,411.5590087,1233.487698,1233.487698,1233.487698,0,0,0,3832.470882
19-09-2017,2188.407241,732.2610863,6048.054431,2188.407241,2188.407241,1034.749721,1034.749721,1034.749721,-171.2908683,-171.2908683,-171.2908683,1206.040589,1206.040589,1206.040589,0,0,0,3223.156962
20-09-2017,2189.390307,-283.2109549,5146.296482,2189.390307,2189.390307,128.5423296,128.5423296,128.5423296,-1041.47232,-1041.47232,-1041.47232,1170.014649,1170.014649,1170.014649,0,0,0,2317.932636
21-09-2017,2190.373372,617.1523582,6160.21463,2190.373372,2190.373372,1281.488798,1281.488798,1281.488798,155.7413792,155.7413792,155.7413792,1125.747419,1125.747419,1125.747419,0,0,0,3471.86217
22-09-2017,2191.356437,827.4246524,6458.189456,2191.356437,2191.356437,1493.423078,1493.423078,1493.423078,419.7405272,419.7405272,419.7405272,1073.682551,1073.682551,1073.682551,0,0,0,3684.779515
23-09-2017,2192.339503,370.0003888,5913.681759,2192.339503,2192.339503,1036.332743,1036.332743,1036.332743,21.96802764,21.96802764,21.96802764,1014.364715,1014.364715,1014.364715,0,0,0,3228.672246
24-09-2017,2193.322568,513.6899024,6081.949756,2193.322568,2193.322568,1152.18739,1152.18739,1152.18739,203.7542451,203.7542451,203.7542451,948.4331449,948.4331449,948.4331449,0,0,0,3345.509958
25-09-2017,2194.305633,639.9513813,6195.651924,2194.305633,2194.305633,1288.172927,1288.172927,1288.172927,411.5590087,411.5590087,411.5590087,876.6139183,876.6139183,876.6139183,0,0,0,3482.47856
26-09-2017,2195.288699,-45.22039827,5682.784336,2195.288699,2195.288699,628.4202584,628.4202584,628.4202584,-171.2908683,-171.2908683,-171.2908683,799.7111267,799.7111267,799.7111267,0,0,0,2823.708957
28-09-2017,2197.254829,113.8524379,5815.735388,2197.254829,2197.254829,789.942894,789.942894,789.942894,155.7413792,155.7413792,155.7413792,634.2015148,634.2015148,634.2015148,0,0,0,2987.197723
29-09-2017,2198.237894,434.7703114,5983.342099,2198.237894,2198.237894,967.241044,967.241044,967.241044,419.7405272,419.7405272,419.7405272,547.5005169,547.5005169,547.5005169,0,0,0,3165.478938
30-09-2017,2199.22096,-126.1251218,5566.066635,2199.22096,2199.22096,481.4723992,481.4723992,481.4723992,21.96802764,21.96802764,21.96802764,459.5043716,459.5043716,459.5043716,0,0,0,2680.693359
01-10-2017,2200.204025,47.11453537,5570.701446,2200.204025,2200.204025,574.9996776,574.9996776,574.9996776,203.7542451,203.7542451,203.7542451,371.2454325,371.2454325,371.2454325,0,0,0,2775.203703
02-10-2017,2201.18709,253.4894006,5630.44974,2201.18709,2201.18709,695.3246029,695.3246029,695.3246029,411.5590087,411.5590087,411.5590087,283.7655942,283.7655942,283.7655942,0,0,0,2896.511693
03-10-2017,2202.170156,-488.9912118,4939.484587,2202.170156,2202.170156,26.81283443,26.81283443,26.81283443,-171.2908683,-171.2908683,-171.2908683,198.1037027,198.1037027,198.1037027,0,0,0,2228.98299
04-10-2017,2203.153221,-1340.525003,4087.601643,2203.153221,2203.153221,-926.1893013,-926.1893013,-926.1893013,-1041.47232,-1041.47232,-1041.47232,115.2830183,115.2830183,115.2830183,0,0,0,1276.96392
05-10-2017,2204.136286,-254.7039717,5244.299398,2204.136286,2204.136286,192.0402444,192.0402444,192.0402444,155.7413792,155.7413792,155.7413792,36.29886524,36.29886524,36.29886524,0,0,0,2396.176531
06-10-2017,2205.119352,-111.4051287,5276.996538,2205.119352,2205.119352,381.8471264,381.8471264,381.8471264,419.7405272,419.7405272,419.7405272,-37.89340078,-37.89340078,-37.89340078,0,0,0,2586.966478
07-10-2017,2206.102417,-680.6816222,4984.895415,2206.102417,2206.102417,-84.4219556,-84.4219556,-84.4219556,21.96802764,21.96802764,21.96802764,-106.3899832,-106.3899832,-106.3899832,0,0,0,2121.680461
08-10-2017,2207.085482,-571.0180601,4898.937271,2207.085482,2207.085482,35.40456946,35.40456946,35.40456946,203.7542451,203.7542451,203.7542451,-168.3496757,-168.3496757,-168.3496757,0,0,0,2242.490052
09-10-2017,2208.068548,-431.863721,5089.02441,2208.068548,2208.068548,188.5547893,188.5547893,188.5547893,411.5590087,411.5590087,411.5590087,-223.0042194,-223.0042194,-223.0042194,0,0,0,2396.623337
10-10-2017,2209.051613,-924.9043134,4372.38149,2209.051613,2209.051613,-440.958749,-440.958749,-440.958749,-171.2908683,-171.2908683,-171.2908683,-269.6678807,-269.6678807,-269.6678807,0,0,0,1768.092864
12-10-2017,2211.017744,-747.8413747,4808.490298,2211.017744,2211.017744,-181.0020472,-181.0020472,-181.0020472,155.7413792,155.7413792,155.7413792,-336.7434264,-336.7434264,-336.7434264,0,0,0,2030.015696
13-10-2017,2212.000809,-369.005258,4877.62068,2212.000809,2212.000809,63.47081481,63.47081481,63.47081481,419.7405272,419.7405272,419.7405272,-356.2697124,-356.2697124,-356.2697124,0,0,0,2275.471624
14-10-2017,2212.983874,-990.945031,4536.08712,2212.983874,2212.983874,-344.0780065,-344.0780065,-344.0780065,21.96802764,21.96802764,21.96802764,-366.0460341,-366.0460341,-366.0460341,0,0,0,1868.905868
15-10-2017,2213.96694,-644.3039612,4708.061913,2213.96694,2213.96694,-162.1544575,-162.1544575,-162.1544575,203.7542451,203.7542451,203.7542451,-365.9087027,-365.9087027,-365.9087027,0,0,0,2051.812482
16-10-2017,2214.950005,-513.8476612,5089.206696,2214.950005,2214.950005,55.74678671,55.74678671,55.74678671,411.5590087,411.5590087,411.5590087,-355.812222,-355.812222,-355.812222,0,0,0,2270.696792
17-10-2017,2215.93307,-1020.894482,4291.78089,2215.93307,2215.93307,-507.1216841,-507.1216841,-507.1216841,-171.2908683,-171.2908683,-171.2908683,-335.8308158,-335.8308158,-335.8308158,0,0,0,1708.811386
19-10-2017,2217.899201,-563.8750314,4933.475459,2217.899201,2217.899201,-111.3663382,-111.3663382,-111.3663382,155.7413792,155.7413792,155.7413792,-267.1077174,-267.1077174,-267.1077174,0,0,0,2106.532863
20-10-2017,2218.882266,-405.2777208,5215.933365,2218.882266,2218.882266,200.6342178,200.6342178,200.6342178,419.7405272,419.7405272,419.7405272,-219.1063094,-219.1063094,-219.1063094,0,0,0,2419.516484
21-10-2017,2219.865332,-627.8250154,4550.018006,2219.865332,2219.865332,-140.725095,-140.725095,-140.725095,21.96802764,21.96802764,21.96802764,-162.6931226,-162.6931226,-162.6931226,0,0,0,2079.140237
22-10-2017,2220.848397,-425.481771,5116.033438,2220.848397,2220.848397,105.2423125,105.2423125,105.2423125,203.7542451,203.7542451,203.7542451,-98.51193269,-98.51193269,-98.51193269,0,0,0,2326.090709
23-10-2017,2221.831462,-233.6454103,5398.52473,2221.831462,2221.831462,384.2551162,384.2551162,384.2551162,411.5590087,411.5590087,411.5590087,-27.30389252,-27.30389252,-27.30389252,0,0,0,2606.086578
24-10-2017,2222.814527,-728.6410753,4904.688492,2222.814527,2222.814527,-121.1893511,-121.1893511,-121.1893511,-171.2908683,-171.2908683,-171.2908683,50.1015172,50.1015172,50.1015172,0,0,0,2101.625176
26-10-2017,2224.780658,-172.3936288,5235.710228,2224.780658,2224.780658,375.550445,375.550445,375.550445,155.7413792,155.7413792,155.7413792,219.8090658,219.8090658,219.8090658,0,0,0,2600.331103
27-10-2017,2225.763723,166.2114461,5815.44662,2225.763723,2225.763723,729.8519609,729.8519609,729.8519609,419.7405272,419.7405272,419.7405272,310.1114338,310.1114338,310.1114338,0,0,0,2955.615684
28-10-2017,2226.746789,-190.1567765,5257.047244,2226.746789,2226.746789,424.6067875,424.6067875,424.6067875,21.96802764,21.96802764,21.96802764,402.6387598,402.6387598,402.6387598,0,0,0,2651.353576
29-10-2017,2227.729854,406.8318087,5698.258309,2227.729854,2227.729854,700.0560744,700.0560744,700.0560744,203.7542451,203.7542451,203.7542451,496.3018292,496.3018292,496.3018292,0,0,0,2927.785928
30-10-2017,2228.712919,349.2891893,5825.917993,2228.712919,2228.712919,1001.562237,1001.562237,1001.562237,411.5590087,411.5590087,411.5590087,590.0032282,590.0032282,590.0032282,0,0,0,3230.275156
31-10-2017,2229.695985,-4.948844859,5319.532184,2229.695985,2229.695985,511.3626658,511.3626658,511.3626658,-171.2908683,-171.2908683,-171.2908683,682.6535341,682.6535341,682.6535341,0,0,0,2741.058651
01-11-2017,2230.67905,-737.4521702,4622.796432,2230.67905,2230.67905,-268.2845797,-268.2845797,-268.2845797,-1041.47232,-1041.47232,-1041.47232,773.1877399,773.1877399,773.1877399,0,0,0,1962.39447
02-11-2017,2231.662115,489.9468716,6038.725787,2231.662115,2231.662115,1016.323025,1016.323025,1016.323025,155.7413792,155.7413792,155.7413792,860.5816457,860.5816457,860.5816457,0,0,0,3247.98514
03-11-2017,2232.645181,614.7922331,6074.519146,2232.645181,2232.645181,1363.608464,1363.608464,1363.608464,419.7405272,419.7405272,419.7405272,943.8679368,943.8679368,943.8679368,0,0,0,3596.253645
04-11-2017,2233.628246,708.5577229,6025.514997,2233.628246,2233.628246,1044.119682,1044.119682,1044.119682,21.96802764,21.96802764,21.96802764,1022.151655,1022.151655,1022.151655,0,0,0,3277.747928
05-11-2017,2234.611311,849.9305548,6095.990173,2234.611311,2234.611311,1298.379006,1298.379006,1298.379006,203.7542451,203.7542451,203.7542451,1094.624761,1094.624761,1094.624761,0,0,0,3532.990318
06-11-2017,2235.594377,1041.922923,6551.953326,2235.594377,2235.594377,1572.138512,1572.138512,1572.138512,411.5590087,411.5590087,411.5590087,1160.579503,1160.579503,1160.579503,0,0,0,3807.732888
07-11-2017,2236.577442,562.1979294,6219.783158,2236.577442,2236.577442,1048.12941,1048.12941,1048.12941,-171.2908683,-171.2908683,-171.2908683,1219.420278,1219.420278,1219.420278,0,0,0,3284.706852
08-11-2017,2237.560507,-429.0349072,5187.305753,2237.560507,2237.560507,229.2014204,229.2014204,229.2014204,-1041.47232,-1041.47232,-1041.47232,1270.67374,1270.67374,1270.67374,0,0,0,2466.761928
09-11-2017,2238.543573,863.837573,6417.096941,2238.543573,2238.543573,1469.738252,1469.738252,1469.738252,155.7413792,155.7413792,155.7413792,1313.996873,1313.996873,1313.996873,0,0,0,3708.281825
10-11-2017,2239.526638,1179.554615,6730.865185,2239.526638,2239.526638,1768.923351,1768.923351,1768.923351,419.7405272,419.7405272,419.7405272,1349.182823,1349.182823,1349.182823,0,0,0,4008.449989
11-11-2017,2240.509703,769.1372126,6510.034025,2240.509703,2240.509703,1398.132319,1398.132319,1398.132319,21.96802764,21.96802764,21.96802764,1376.164292,1376.164292,1376.164292,0,0,0,3638.642023
12-11-2017,2241.492769,1138.357506,6711.577117,2241.492769,2241.492769,1598.768583,1598.768583,1598.768583,203.7542451,203.7542451,203.7542451,1395.014338,1395.014338,1395.014338,0,0,0,3840.261352
13-11-2017,2242.475834,1446.766932,6593.702851,2242.475834,2242.475834,1817.503512,1817.503512,1817.503512,411.5590087,411.5590087,411.5590087,1405.944504,1405.944504,1405.944504,0,0,0,4059.979346
14-11-2017,2243.458899,532.5190233,6106.216127,2243.458899,2243.458899,1238.00933,1238.00933,1238.00933,-171.2908683,-171.2908683,-171.2908683,1409.300198,1409.300198,1409.300198,0,0,0,3481.468229
15-11-2017,2244.441965,-111.7713591,5292.75296,2244.441965,2244.441965,364.0810468,364.0810468,364.0810468,-1041.47232,-1041.47232,-1041.47232,1405.553366,1405.553366,1405.553366,0,0,0,2608.523011
16-11-2017,2245.42503,1219.04838,6506.513696,2245.42503,2245.42503,1551.033876,1551.033876,1551.033876,155.7413792,155.7413792,155.7413792,1395.292497,1395.292497,1395.292497,0,0,0,3796.458906
17-11-2017,2246.408095,1344.37049,6827.357066,2246.408095,2246.408095,1798.950639,1798.950639,1798.950639,419.7405272,419.7405272,419.7405272,1379.210112,1379.210112,1379.210112,0,0,0,4045.358734
18-11-2017,2247.391161,791.2167513,6240.230345,2247.391161,2247.391161,1380.05595,1380.05595,1380.05595,21.96802764,21.96802764,21.96802764,1358.087923,1358.087923,1358.087923,0,0,0,3627.447111
19-11-2017,2248.374226,1166.456034,6650.663676,2248.374226,2248.374226,1536.534147,1536.534147,1536.534147,203.7542451,203.7542451,203.7542451,1332.779902,1332.779902,1332.779902,0,0,0,3784.908373
20-11-2017,2249.357291,1206.200923,6628.408936,2249.357291,2249.357291,1715.752589,1715.752589,1715.752589,411.5590087,411.5590087,411.5590087,1304.19358,1304.19358,1304.19358,0,0,0,3965.10988
21-11-2017,2250.340356,663.4260961,6008.372015,2250.340356,2250.340356,1101.979056,1101.979056,1101.979056,-171.2908683,-171.2908683,-171.2908683,1273.269925,1273.269925,1273.269925,0,0,0,3352.319413
22-11-2017,2251.323422,-311.3113087,5207.392092,2251.323422,2251.323422,199.4898827,199.4898827,199.4898827,-1041.47232,-1041.47232,-1041.47232,1240.962202,1240.962202,1240.962202,0,0,0,2450.813305
23-11-2017,2252.306487,960.9028609,6207.976359,2252.306487,2252.306487,1363.955644,1363.955644,1363.955644,155.7413792,155.7413792,155.7413792,1208.214265,1208.214265,1208.214265,0,0,0,3616.262131
24-11-2017,2253.289552,1162.645744,6546.238394,2253.289552,2253.289552,1595.679253,1595.679253,1595.679253,419.7405272,419.7405272,419.7405272,1175.938725,1175.938725,1175.938725,0,0,0,3848.968805
25-11-2017,2254.272618,705.4005049,6038.065772,2254.272618,2254.272618,1166.963545,1166.963545,1166.963545,21.96802764,21.96802764,21.96802764,1144.995517,1144.995517,1144.995517,0,0,0,3421.236163
26-11-2017,2255.255683,917.2463027,6182.628202,2255.255683,2255.255683,1319.925564,1319.925564,1319.925564,203.7542451,203.7542451,203.7542451,1116.171319,1116.171319,1116.171319,0,0,0,3575.181248
27-11-2017,2256.238748,1213.906776,6378.250925,2256.238748,2256.238748,1501.719354,1501.719354,1501.719354,411.5590087,411.5590087,411.5590087,1090.160345,1090.160345,1090.160345,0,0,0,3757.958102
28-11-2017,2257.221814,541.9334114,5916.335255,2257.221814,2257.221814,896.2560962,896.2560962,896.2560962,-171.2908683,-171.2908683,-171.2908683,1067.546964,1067.546964,1067.546964,0,0,0,3153.47791
29-11-2017,2258.204879,-581.3948861,5169.909687,2258.204879,2258.204879,7.318285569,7.318285569,7.318285569,-1041.47232,-1041.47232,-1041.47232,1048.790605,1048.790605,1048.790605,0,0,0,2265.523165
30-11-2017,2259.187944,808.6995809,6264.582703,2259.187944,2259.187944,1189.954713,1189.954713,1189.954713,155.7413792,155.7413792,155.7413792,1034.213333,1034.213333,1034.213333,0,0,0,3449.142657
01-12-2017,2260.17101,1103.497932,6306.114983,2260.17101,2260.17101,1443.730999,1443.730999,1443.730999,419.7405272,419.7405272,419.7405272,1023.990472,1023.990472,1023.990472,0,0,0,3703.902009
02-12-2017,2261.154075,480.8543526,5986.190134,2261.154075,2261.154075,1040.112571,1040.112571,1040.112571,21.96802764,21.96802764,21.96802764,1018.144544,1018.144544,1018.144544,0,0,0,3301.266646
03-12-2017,2262.13714,882.2148058,6097.504602,2262.13714,2262.13714,1220.297005,1220.297005,1220.297005,203.7542451,203.7542451,203.7542451,1016.54276,1016.54276,1016.54276,0,0,0,3482.434146
04-12-2017,2263.120206,714.1197341,6388.193873,2263.120206,2263.120206,1430.457212,1430.457212,1430.457212,411.5590087,411.5590087,411.5590087,1018.898203,1018.898203,1018.898203,0,0,0,3693.577417
05-12-2017,2264.103271,500.9789187,5708.513522,2264.103271,2264.103271,853.4838761,853.4838761,853.4838761,-171.2908683,-171.2908683,-171.2908683,1024.774744,1024.774744,1024.774744,0,0,0,3117.587147
06-12-2017,2265.086336,-567.8022934,5116.179145,2265.086336,2265.086336,-7.876628417,-7.876628417,-7.876628417,-1041.47232,-1041.47232,-1041.47232,1033.595691,1033.595691,1033.595691,0,0,0,2257.209708
07-12-2017,2266.069402,630.7212655,6300.966251,2266.069402,2266.069402,1200.397396,1200.397396,1200.397396,155.7413792,155.7413792,155.7413792,1044.656017,1044.656017,1044.656017,0,0,0,3466.466798
08-12-2017,2267.052467,999.9896326,6475.893924,2267.052467,2267.052467,1476.878508,1476.878508,1476.878508,419.7405272,419.7405272,419.7405272,1057.137981,1057.137981,1057.137981,0,0,0,3743.930975
09-12-2017,2268.035532,627.1146152,6106.895622,2268.035532,2268.035532,1092.097863,1092.097863,1092.097863,21.96802764,21.96802764,21.96802764,1070.129836,1070.129836,1070.129836,0,0,0,3360.133396
10-12-2017,2269.018598,802.9096841,6336.259386,2269.018598,2269.018598,1286.40148,1286.40148,1286.40148,203.7542451,203.7542451,203.7542451,1082.647235,1082.647235,1082.647235,0,0,0,3555.420078
11-12-2017,2270.001663,982.9015128,6366.152317,2270.001663,2270.001663,1505.215908,1505.215908,1505.215908,411.5590087,411.5590087,411.5590087,1093.6569,1093.6569,1093.6569,0,0,0,3775.217571
13-12-2017,2271.967794,-296.5802865,5127.519314,2271.967794,2271.967794,65.45642563,65.45642563,65.45642563,-1041.47232,-1041.47232,-1041.47232,1106.928745,1106.928745,1106.928745,0,0,0,2337.424219
14-12-2017,2272.950859,755.6215207,6346.769625,2272.950859,2272.950859,1262.854767,1262.854767,1262.854767,155.7413792,155.7413792,155.7413792,1107.113388,1107.113388,1107.113388,0,0,0,3535.805626
15-12-2017,2273.933924,911.5557308,6662.87409,2273.933924,2273.933924,1521.429807,1521.429807,1521.429807,419.7405272,419.7405272,419.7405272,1101.68928,1101.68928,1101.68928,0,0,0,3795.363732
16-12-2017,2274.916989,665.7581138,6030.039523,2274.916989,2274.916989,1111.741073,1111.741073,1111.741073,21.96802764,21.96802764,21.96802764,1089.773045,1089.773045,1089.773045,0,0,0,3386.658062
17-12-2017,2275.900055,874.0633253,6238.835031,2275.900055,2275.900055,1274.343621,1274.343621,1274.343621,203.7542451,203.7542451,203.7542451,1070.589376,1070.589376,1070.589376,0,0,0,3550.243676
18-12-2017,2276.88312,1106.339178,6510.982217,2276.88312,2276.88312,1455.052788,1455.052788,1455.052788,411.5590087,411.5590087,411.5590087,1043.493779,1043.493779,1043.493779,0,0,0,3731.935908
19-12-2017,2277.866185,181.6959226,5819.40562,2277.866185,2277.866185,836.7017895,836.7017895,836.7017895,-171.2908683,-171.2908683,-171.2908683,1007.992658,1007.992658,1007.992658,0,0,0,3114.567975
20-12-2017,2278.849251,-703.6816617,4991.765569,2278.849251,2278.849251,-77.71210904,-77.71210904,-77.71210904,-1041.47232,-1041.47232,-1041.47232,963.7602106,963.7602106,963.7602106,0,0,0,2201.137142
21-12-2017,2279.832316,718.2804544,6075.231076,2279.832316,2279.832316,1066.393027,1066.393027,1066.393027,155.7413792,155.7413792,155.7413792,910.6516478,910.6516478,910.6516478,0,0,0,3346.225343
22-12-2017,2280.815381,801.4952352,6331.568771,2280.815381,2280.815381,1268.452865,1268.452865,1268.452865,419.7405272,419.7405272,419.7405272,848.7123379,848.7123379,848.7123379,0,0,0,3549.268246
23-12-2017,2281.798447,328.8576053,5886.76322,2281.798447,2281.798447,800.1506002,800.1506002,800.1506002,21.96802764,21.96802764,21.96802764,778.1825726,778.1825726,778.1825726,0,0,0,3081.949047
24-12-2017,2282.781512,203.4829066,6073.247984,2282.781512,2282.781512,903.2519902,903.2519902,903.2519902,203.7542451,203.7542451,203.7542451,699.4977451,699.4977451,699.4977451,0,0,0,3186.033502
25-12-2017,2283.764577,516.4589652,5875.415144,2283.764577,2283.764577,1024.842853,1024.842853,1024.842853,411.5590087,411.5590087,411.5590087,613.2838443,613.2838443,613.2838443,0,0,0,3308.60743
26-12-2017,2284.747643,-177.3659793,5426.2527,2284.747643,2284.747643,349.0574121,349.0574121,349.0574121,-171.2908683,-171.2908683,-171.2908683,520.3482804,520.3482804,520.3482804,0,0,0,2633.805055
27-12-2017,2285.730708,-1005.855402,4481.947527,2285.730708,2285.730708,-619.8061476,-619.8061476,-619.8061476,-1041.47232,-1041.47232,-1041.47232,421.6661721,421.6661721,421.6661721,0,0,0,1665.92456
28-12-2017,2286.713773,118.8608726,5347.044472,2286.713773,2286.713773,474.1037189,474.1037189,474.1037189,155.7413792,155.7413792,155.7413792,318.3623397,318.3623397,318.3623397,0,0,0,2760.817492
29-12-2017,2287.696839,300.7699382,5653.064579,2287.696839,2287.696839,631.4298866,631.4298866,631.4298866,419.7405272,419.7405272,419.7405272,211.6893594,211.6893594,211.6893594,0,0,0,2919.126725
30-12-2017,2288.679904,-203.1223105,5172.244983,2288.679904,2288.679904,124.9701622,124.9701622,124.9701622,21.96802764,21.96802764,21.96802764,103.0021346,103.0021346,103.0021346,0,0,0,2413.650066
31-12-2017,2289.662969,-260.0564424,5069.658296,2289.662969,2289.662969,197.4837827,197.4837827,197.4837827,203.7542451,203.7542451,203.7542451,-6.270462479,-6.270462479,-6.270462479,0,0,0,2487.146752
01-01-2018,2290.646035,-70.59263684,5304.68351,2290.646035,2290.646035,296.9027625,296.9027625,296.9027625,411.5590087,411.5590087,411.5590087,-114.6562463,-114.6562463,-114.6562463,0,0,0,2587.548797
02-01-2018,2291.6291,-879.373202,4605.652784,2291.6291,2291.6291,-391.9628391,-391.9628391,-391.9628391,-171.2908683,-171.2908683,-171.2908683,-220.6719708,-220.6719708,-220.6719708,0,0,0,1899.666261
03-01-2018,2292.612165,-1743.624109,3518.277478,2292.612165,2292.612165,-1364.328747,-1364.328747,-1364.328747,-1041.47232,-1041.47232,-1041.47232,-322.8564269,-322.8564269,-322.8564269,0,0,0,928.2834188
04-01-2018,2293.595231,-858.8818379,4710.46267,2293.595231,2293.595231,-264.0622202,-264.0622202,-264.0622202,155.7413792,155.7413792,155.7413792,-419.8035994,-419.8035994,-419.8035994,0,0,0,2029.53301
05-01-2018,2294.578296,-693.9426058,4943.699628,2294.578296,2294.578296,-90.45455779,-90.45455779,-90.45455779,419.7405272,419.7405272,419.7405272,-510.195085,-510.195085,-510.195085,0,0,0,2204.123738
06-01-2018,2295.561361,-828.3047662,4376.190938,2295.561361,2295.561361,-570.8629476,-570.8629476,-570.8629476,21.96802764,21.96802764,21.96802764,-592.8309752,-592.8309752,-592.8309752,0,0,0,1724.698414
07-01-2018,2296.544427,-1140.484262,4714.290963,2296.544427,2296.544427,-462.9041928,-462.9041928,-462.9041928,203.7542451,203.7542451,203.7542451,-666.6584379,-666.6584379,-666.6584379,0,0,0,1833.640234
08-01-2018,2297.527492,-755.9707194,4659.180225,2297.527492,2297.527492,-319.2382614,-319.2382614,-319.2382614,411.5590087,411.5590087,411.5590087,-730.7972701,-730.7972701,-730.7972701,0,0,0,1978.289231
09-01-2018,2298.510557,-1492.902122,4293.04505,2298.510557,2298.510557,-955.8526304,-955.8526304,-955.8526304,-171.2908683,-171.2908683,-171.2908683,-784.5617621,-784.5617621,-784.5617621,0,0,0,1342.657927
10-01-2018,2299.493623,-2288.334654,3076.128979,2299.493623,2299.493623,-1868.950612,-1868.950612,-1868.950612,-1041.47232,-1041.47232,-1041.47232,-827.4782926,-827.4782926,-827.4782926,0,0,0,430.5430103
11-01-2018,2300.476688,-1108.813303,4497.926034,2300.476688,2300.476688,-703.5567902,-703.5567902,-703.5567902,155.7413792,155.7413792,155.7413792,-859.2981694,-859.2981694,-859.2981694,0,0,0,1596.919898
12-01-2018,2301.459753,-799.3012273,4571.77197,2301.459753,2301.461878,-460.2648133,-460.2648133,-460.2648133,419.7405272,419.7405272,419.7405272,-880.0053405,-880.0053405,-880.0053405,0,0,0,1841.19494
13-01-2018,2302.442818,-1243.123298,4118.406055,2302.437444,2302.450117,-867.8506943,-867.8506943,-867.8506943,21.96802764,21.96802764,21.96802764,-889.8187219,-889.8187219,-889.8187219,0,0,0,1434.592124
14-01-2018,2303.425884,-1108.435231,4396.818676,2303.410237,2303.440316,-685.4347694,-685.4347694,-685.4347694,203.7542451,203.7542451,203.7542451,-889.1890146,-889.1890146,-889.1890146,0,0,0,1617.991114
15-01-2018,2304.408949,-1028.284419,4534.396261,2304.385158,2304.431545,-467.2310076,-467.2310076,-467.2310076,411.5590087,411.5590087,411.5590087,-878.7900164,-878.7900164,-878.7900164,0,0,0,1837.177941
16-01-2018,2305.392014,-1434.867468,4182.108652,2305.359127,2305.44085,-1030.79544,-1030.79544,-1030.79544,-171.2908683,-171.2908683,-171.2908683,-859.5045717,-859.5045717,-859.5045717,0,0,0,1274.596574
17-01-2018,2306.37508,-2308.315679,3096.847588,2306.320986,2306.445814,-1873.87775,-1873.87775,-1873.87775,-1041.47232,-1041.47232,-1041.47232,-832.4054299,-832.4054299,-832.4054299,0,0,0,432.4973302
18-01-2018,2307.358145,-911.3679418,4356.810556,2307.280898,2307.440041,-642.9900362,-642.9900362,-642.9900362,155.7413792,155.7413792,155.7413792,-798.7314154,-798.7314154,-798.7314154,0,0,0,1664.368109
19-01-2018,2308.34121,-937.19489,4608.324171,2308.253159,2308.44292,-340.1188998,-340.1188998,-340.1188998,419.7405272,419.7405272,419.7405272,-759.859427,-759.859427,-759.859427,0,0,0,1968.222311
20-01-2018,2309.324276,-1407.381502,4314.422727,2309.209099,2309.440725,-695.3048681,-695.3048681,-695.3048681,21.96802764,21.96802764,21.96802764,-717.2728957,-717.2728957,-717.2728957,0,0,0,1614.019408
21-01-2018,2310.307341,-817.7795012,4637.952816,2310.182659,2310.439682,-468.773174,-468.773174,-468.773174,203.7542451,203.7542451,203.7542451,-672.5274191,-672.5274191,-672.5274191,0,0,0,1841.534167
22-01-2018,2311.290406,-788.3273839,4814.703218,2311.149449,2311.441489,-215.6553615,-215.6553615,-215.6553615,411.5590087,411.5590087,411.5590087,-627.2143703,-627.2143703,-627.2143703,0,0,0,2095.635045
23-01-2018,2312.273472,-1092.824349,4227.495698,2312.103416,2312.450512,-754.2142009,-754.2142009,-754.2142009,-171.2908683,-171.2908683,-171.2908683,-582.9233326,-582.9233326,-582.9233326,0,0,0,1558.059271
24-01-2018,2313.256537,-1871.543009,3438.681404,2313.055217,2313.459589,-1582.676573,-1582.676573,-1582.676573,-1041.47232,-1041.47232,-1041.47232,-541.2042535,-541.2042535,-541.2042535,0,0,0,730.5799639
25-01-2018,2314.239602,-689.1397253,4462.34654,2314.011277,2314.468445,-347.7888399,-347.7888399,-347.7888399,155.7413792,155.7413792,155.7413792,-503.5302191,-503.5302191,-503.5302191,0,0,0,1966.450762
26-01-2018,2315.222668,-447.4384998,5098.032137,2314.958734,2315.484107,-51.52122394,-51.52122394,-51.52122394,419.7405272,419.7405272,419.7405272,-471.2617511,-471.2617511,-471.2617511,0,0,0,2263.701444
27-01-2018,2316.205733,-861.8704348,4610.854111,2315.902821,2316.484994,-423.6454643,-423.6454643,-423.6454643,21.96802764,21.96802764,21.96802764,-445.6134919,-445.6134919,-445.6134919,0,0,0,1892.560269
28-01-2018,2317.188798,-550.7155253,4910.345537,2316.870561,2317.486473,-223.8698533,-223.8698533,-223.8698533,203.7542451,203.7542451,203.7542451,-427.6240985,-427.6240985,-427.6240985,0,0,0,2093.318945
29-01-2018,2318.171864,-620.4997776,5192.635599,2317.847853,2318.506129,-6.571080077,-6.571080077,-6.571080077,411.5590087,411.5590087,411.5590087,-418.1300888,-418.1300888,-418.1300888,0,0,0,2311.600784
